编号,模块,子模块,测试项,前置条件,操作步骤,测试数据,预期结果,标签一,标签二,标签三,执行人,IOS测试结果,安卓测试结果,缺陷描述,,,,,,,,,,,,,,,,,,,,,,,,,,,,,,,,
GoogleMap_001,手机端导航,处于主页,处于主页,当前处于主页界面,"1.未佩戴眼镜
2.点击导航",,提示“请配戴眼镜”,,,,黄哲钧,,pass,,,,,,,,,,,,,,,,,,,,,,,,,,,,,,,,,
GoogleMap_002,手机端导航,处于主页,处于主页,当前处于主页界面,"1.佩戴眼镜
2.点击导航",,进入导航,,,,黄哲钧,,pass,,,,,,,,,,,,,,,,,,,,,,,,,,,,,,,,,
GoogleMap_003,手机端导航,处于主页,处于主页,当前处于主页界面,"1.长按导航tab页
2.拖动至数据栏位置",第一位,拖动成功,,,,黄哲钧,,pass,,,,,,,,,,,,,,,,,,,,,,,,,,,,,,,,,
GoogleMap_004,手机端导航,处于主页,处于主页,当前处于主页界面,"1.长按导航tab页
2.拖动至数据栏位置",中间任意位置,拖动成功,,,,黄哲钧,,pass,,,,,,,,,,,,,,,,,,,,,,,,,,,,,,,,,
GoogleMap_005,手机端导航,处于主页,处于主页,当前处于主页界面,"1.长按导航tab页
2.拖动至数据栏位置",最后一位,拖动成功,,,,黄哲钧,,pass,,,,,,,,,,,,,,,,,,,,,,,,,,,,,,,,,
GoogleMap_006,手机端导航,处于主页,处于主页,当前处于主页界面,"1.长按导航tab页
2.拖动至数据栏位置",最上面,拖动成功,,,,黄哲钧,,pass,,,,,,,,,,,,,,,,,,,,,,,,,,,,,,,,,
GoogleMap_007,手机端导航,进入导航,进入导航,从未开启过导航,"1.点击导航
2.进行数据栏操作","1.不点击“知道了”
2.重启app
3.再次进入导航","1.第一步操作后出现谷歌隐私合规
2.重启app表示未同意，无法使用导航
3.再次进入后依旧弹窗",,,,黄哲钧,,pass,,,,,,,,,,,,,,,,,,,,,,,,,,,,,,,,,
GoogleMap_008,手机端导航,进入导航,进入导航,从未开启过导航,"1.点击导航
2.进行数据栏操作","1.点击导航后弹出谷歌隐私协议
2.导航栏返回",1.导航不可使用,,,,黄哲钧,,pass,,,,,,,,,,,,,,,,,,,,,,,,,,,,,,,,,
GoogleMap_008,手机端导航,进入导航,进入导航,从未开启过导航,"1.点击导航
2.进行数据栏操作","1.点击导航后弹出谷歌隐私协议
2.点击“知道了”","1.进入导航
2.同意后，后续不会弹出",,,,黄哲钧,,pass,,,,,,,,,,,,,,,,,,,,,,,,,,,,,,,,,
GoogleMap_009,手机端导航,进入导航,进入导航,已同意谷歌隐私协议,"1.进入导航
2.点击数据栏数据
3.退出重进导航",知道了,"1.进入导航后，弹出提示弹窗
2.重进后弹窗依旧出现",,,,黄哲钧,,pass,,,,,,,,,,,,,,,,,,,,,,,,,,,,,,,,,
GoogleMap_010,手机端导航,进入导航,进入导航,已同意谷歌隐私协议,"1.进入导航
2.点击数据栏数据
3.退出重进导航",空白处,"1.进入导航后，弹出提示弹窗
2.重进后弹窗依旧出现",,,,黄哲钧,,pass,,,,,,,,,,,,,,,,,,,,,,,,,,,,,,,,,
GoogleMap_011,手机端导航,进入导航,进入导航,已同意谷歌隐私协议,"1.进入导航
2.点击数据栏数据
3.退出重进导航",AI调用导航,"1.进入导航后，弹出提示弹窗
2.重进后弹窗依旧出现",,,,黄哲钧,,"pass
tts播放去手机先接受谷歌隐私",,,,,,,,,,,,,,,,,,,,,,,,,,,,,,,,,
GoogleMap_012,手机端导航,进入导航,进入导航,已同意谷歌隐私协议,"1.进入导航
2.点击数据栏数据
3.退出重进导航",不再提示,1.弹窗不再出现,,,,黄哲钧,,pass,,,,,,,,,,,,,,,,,,,,,,,,,,,,,,,,,
GoogleMap_013,手机端导航,进入导航,进入导航,已进入导航,1.点击数据栏数据,左上角返回,1.返回到主页,,,,黄哲钧,,pass,,,,,,,,,,,,,,,,,,,,,,,,,,,,,,,,,
GoogleMap_014,手机端导航,POI选择,POI选择,"1.已进入导航
2.不拖动地图，展示的是定位点附近的区域","1.点击数据栏数据
2.点击附近任意一个mark
3.点击开始导航",餐馆,"1.规划建议路线
2.完成行程后提示用户",,,,黄哲钧,NA,NA,,,,,,,,,,,,,,,,,,,,,,,,,,,,,,,,,
GoogleMap_015,手机端导航,POI选择,POI选择,"1.已进入导航
2.不拖动地图，展示的是定位点附近的区域","1.点击数据栏数据
2.点击附近任意一个mark
3.点击开始导航",酒店,"1.规划建议路线
2.完成行程后提示用户",,,,黄哲钧,NA,NA,,,,,,,,,,,,,,,,,,,,,,,,,,,,,,,,,
GoogleMap_016,手机端导航,POI选择,POI选择,"1.已进入导航
2.不拖动地图，展示的是定位点附近的区域","1.点击数据栏数据
2.点击附近任意一个mark
3.点击开始导航",加油站,"1.规划建议路线
2.完成行程后提示用户",,,,黄哲钧,NA,NA,,,,,,,,,,,,,,,,,,,,,,,,,,,,,,,,,
GoogleMap_017,手机端导航,POI选择,POI选择,"1.已进入导航
2.不拖动地图，展示的是定位点附近的区域","1.点击数据栏数据
2.点击附近任意一个mark
3.点击开始导航",购物,"1.规划建议路线
2.完成行程后提示用户",,,,黄哲钧,NA,NA,,,,,,,,,,,,,,,,,,,,,,,,,,,,,,,,,
GoogleMap_018,手机端导航,POI选择,POI选择,"1.已进入导航
2.不拖动地图，展示的是定位点附近的区域","1.点击数据栏数据
2.点击附近任意一个mark
3.点击开始导航",更多,"1.规划建议路线
2.完成行程后提示用户",,,,黄哲钧,NA,NA,,,,,,,,,,,,,,,,,,,,,,,,,,,,,,,,,
GoogleMap_019,手机端导航,POI选择,POI选择,1.处于地图页面,"1.将地图进行拖动至定位点不可见
2.点击数据栏数据
3.点击附近任意一个mark
4.点击开始导航",餐馆,"1.规划建议路线
2.完成行程后提示用户",,,,黄哲钧,NA,NA,,,,,,,,,,,,,,,,,,,,,,,,,,,,,,,,,
GoogleMap_020,手机端导航,POI选择,POI选择,1.处于地图页面,"1.将地图进行拖动至定位点不可见
2.点击数据栏数据
3.点击附近任意一个mark
4.点击开始导航",酒店,"1.规划建议路线
2.完成行程后提示用户",,,,黄哲钧,NA,NA,,,,,,,,,,,,,,,,,,,,,,,,,,,,,,,,,
GoogleMap_021,手机端导航,POI选择,POI选择,1.处于地图页面,"1.将地图进行拖动至定位点不可见
2.点击数据栏数据
3.点击附近任意一个mark
4.点击开始导航",加油站,"1.规划建议路线
2.完成行程后提示用户",,,,黄哲钧,NA,NA,,,,,,,,,,,,,,,,,,,,,,,,,,,,,,,,,
GoogleMap_022,手机端导航,POI选择,POI选择,1.处于地图页面,"1.将地图进行拖动至定位点不可见
2.点击数据栏数据
3.点击附近任意一个mark
4.点击开始导航",购物,"1.规划建议路线
2.完成行程后提示用户",,,,黄哲钧,NA,NA,,,,,,,,,,,,,,,,,,,,,,,,,,,,,,,,,
GoogleMap_023,手机端导航,界面UI,定位点-朝向,1.处于地图页面,1.查看定位点UI,,"1.定位点方向为手机方向
2.定位点位置和实际位置保持一致",最小用例,,,黄哲钧,,"pass
安卓定位点正常",,,,,,,,,,,,,,,,,,,,,,,,,,,,,,,,,
GoogleMap_024,手机端导航,界面UI,定位点-重定位,1.处于地图页面,"1.拖动地图位置
2.点击定位点
3.再次点击定位点
4.第三次点击定位点",,"1.第一次点击定位点，回到所在位置，地图按照朝北方向展示
2.第二次点击定位点，地图按照手机朝向方向进行展示
3.第三次点击定位点，展示方向回到1中的展示方向",,,,黄哲钧,,"Fail
问题：【海外】定位点没有居中显示
期望：需要居中显示，点击重定位按钮也要居中显示定位点",,,,,,,,,,,,,,,,,,,,,,,,,,,,,,,,,
GoogleMap_025,手机端导航,地图UI,未导航时,"1.已进入导航功能
2.但未开始导航操作","1.查看定位点周边的环境
2.点击附近某一地点Mark
3.选择数据栏出行方式",骑行,"1.存在附近地点的mark
2.点击mark可以展示具体信息
3.选择出行方式后可以进行导航操作",,,,黄哲钧,,pass,,,,,,,,,,,,,,,,,,,,,,,,,,,,,,,,,
GoogleMap_026,手机端导航,地图UI,未导航时,"1.已进入导航
2.但未开始导航操作","1.查看定位点周边的环境
2.点击附近某一地点Mark
3.选择数据栏出行方式",步行,"1.存在附近地点的mark
2.点击mark可以展示具体信息
3.选择出行方式后可以进行导航操作",,,,黄哲钧,,pass,,,,,,,,,,,,,,,,,,,,,,,,,,,,,,,,,
GoogleMap_027,手机端导航,地图UI,未导航时,"1.已进入导航
2.但未开始导航操作","1.查看定位点周边的环境
2.点击附近某一地点Mark
3.选择数据栏出行方式",驾车,"1.存在附近地点的mark
2.点击mark可以展示具体信息
3.选择出行方式后可以进行导航操作",,,,黄哲钧,,pass,,,,,,,,,,,,,,,,,,,,,,,,,,,,,,,,,
GoogleMap_028,手机端导航,地图UI,未导航时,"1.已进入导航
2.但未开始导航操作","1.按照数据栏方式操作地图
2.查看操作后的地图",上下拖动,"1.地图界面会进行滑动
2.展示滑动之后所处地区的地图以及可点击的mark",,,,黄哲钧,,pass,,,,,,,,,,,,,,,,,,,,,,,,,,,,,,,,,
GoogleMap_029,手机端导航,地图UI,未导航时,"1.已进入导航
2.但未开始导航操作","1.按照数据栏方式操作地图
2.查看操作后的地图",左右拖动,"1.地图界面会进行滑动
2.展示滑动之后所处地区的地图以及可点击的mark",,,,黄哲钧,,pass,,,,,,,,,,,,,,,,,,,,,,,,,,,,,,,,,
GoogleMap_030,手机端导航,地图UI,未导航时,"1.已进入导航
2.但未开始导航操作","1.按照数据栏方式操作地图
2.查看操作后的地图",一三象限拖动,"1.地图界面会进行滑动
2.展示滑动之后所处地区的地图以及可点击的mark",,,,黄哲钧,,pass,,,,,,,,,,,,,,,,,,,,,,,,,,,,,,,,,
GoogleMap_031,手机端导航,地图UI,未导航时,"1.已进入导航
2.但未开始导航操作","1.按照数据栏方式操作地图
2.查看操作后的地图",二四象限拖动,"1.地图界面会进行滑动
2.展示滑动之后所处地区的地图以及可点击的mark",,,,黄哲钧,,pass,,,,,,,,,,,,,,,,,,,,,,,,,,,,,,,,,
GoogleMap_032,手机端导航,地图UI,未导航时,"1.已进入导航
2.但未开始导航操作","1.按照数据栏方式操作地图
2.查看操作后的地图",双指并拢,1.地图缩小,,,,黄哲钧,,pass,,,,,,,,,,,,,,,,,,,,,,,,,,,,,,,,,
GoogleMap_033,手机端导航,地图UI,未导航时,"1.已进入导航
2.但未开始导航操作","1.按照数据栏方式操作地图
2.查看操作后的地图",双指展开,1.地图变大,,,,黄哲钧,,pass,,,,,,,,,,,,,,,,,,,,,,,,,,,,,,,,,
GoogleMap_034,手机端导航,地图UI,未导航时,"1.已进入导航
2.但未开始导航操作","1.按照数据栏方式操作地图
2.查看操作后的地图",1.双指并拢，操作N次,1.地图一直放大，直到无法再被放大,,,,黄哲钧,,pass,,,,,,,,,,,,,,,,,,,,,,,,,,,,,,,,,
GoogleMap_035,手机端导航,地图UI,未导航时,"1.已进入导航
2.但未开始导航操作","1.按照数据栏方式操作地图
2.查看操作后的地图",1.双指展开，操作N次,1.地图一直缩小，直到无法再被缩小,,,,黄哲钧,,pass,,,,,,,,,,,,,,,,,,,,,,,,,,,,,,,,,
GoogleMap_036,手机端导航,地图UI,未导航时,"1.已进入导航
2.但未开始导航操作","1.按照数据栏方式操作地图
2.查看操作后的地图",1.双指顺时针转动,1.地图跟随手指，进行顺时针方向转动,,,,黄哲钧,,pass,,,,,,,,,,,,,,,,,,,,,,,,,,,,,,,,,
GoogleMap_037,手机端导航,地图UI,未导航时,"1.已进入导航
2.但未开始导航操作","1.按照数据栏方式操作地图
2.查看操作后的地图",1.双指逆时针转动,1.地图跟随手指，进行逆时针方向转动,,,,黄哲钧,,pass,,,,,,,,,,,,,,,,,,,,,,,,,,,,,,,,,
GoogleMap_038,手机端导航,地图UI,未导航时,"1.已进入导航
2.但未开始导航操作","1.按照数据栏方式操作地图
2.查看操作后的地图",1.双击,1.地图放大,,,,黄哲钧,,pass,,,,,,,,,,,,,,,,,,,,,,,,,,,,,,,,,
GoogleMap_039,手机端导航,地图UI,未导航时,"1.已进入导航
2.但未开始导航操作","1.按照数据栏方式操作地图
2.查看操作后的地图",1.双击N次,1.地图一直放大，直到无法再被放大,,,,黄哲钧,,pass,,,,,,,,,,,,,,,,,,,,,,,,,,,,,,,,,
GoogleMap_040,手机端导航,地图UI,未导航时,"1.已进入导航
2.开始导航操作","1.按照数据栏方式操作地图
2.查看操作后的地图",双指向上推,倾斜角变小,,,,黄哲钧,,pass,,,,,,,,,,,,,,,,,,,,,,,,,,,,,,,,,
GoogleMap_041,手机端导航,地图UI,未导航时,"1.已进入导航
2.开始导航操作","1.按照数据栏方式操作地图
2.查看操作后的地图",双指向上推,倾斜角变大,,,,黄哲钧,,pass,,,,,,,,,,,,,,,,,,,,,,,,,,,,,,,,,
GoogleMap_042,手机端导航,地图UI,已开始导航,"1.已进入导航
2.开始导航操作","1.按照数据栏方式操作地图
2.查看操作后的地图",上下拖动,"1.地图界面会进行滑动
2.展示滑动之后所处地区的地图以及可点击的mark",,,,黄哲钧,,pass,,,,,,,,,,,,,,,,,,,,,,,,,,,,,,,,,
GoogleMap_043,手机端导航,地图UI,已开始导航,"1.已进入导航
2.开始导航操作","1.按照数据栏方式操作地图
2.查看操作后的地图",左右拖动,"1.地图界面会进行滑动
2.展示滑动之后所处地区的地图以及可点击的mark",,,,黄哲钧,,pass,,,,,,,,,,,,,,,,,,,,,,,,,,,,,,,,,
GoogleMap_044,手机端导航,地图UI,已开始导航,"1.已进入导航
2.开始导航操作","1.按照数据栏方式操作地图
2.查看操作后的地图",一三象限拖动,"1.地图界面会进行滑动
2.展示滑动之后所处地区的地图以及可点击的mark",,,,黄哲钧,,pass,,,,,,,,,,,,,,,,,,,,,,,,,,,,,,,,,
GoogleMap_045,手机端导航,地图UI,已开始导航,"1.已进入导航
2.开始导航操作","1.按照数据栏方式操作地图
2.查看操作后的地图",二四象限拖动,"1.地图界面会进行滑动
2.展示滑动之后所处地区的地图以及可点击的mark",,,,黄哲钧,,pass,,,,,,,,,,,,,,,,,,,,,,,,,,,,,,,,,
GoogleMap_046,手机端导航,地图UI,已开始导航,"1.已进入导航
2.开始导航操作","1.按照数据栏方式操作地图
2.查看操作后的地图",双指并拢,1.地图缩小,,,,黄哲钧,,pass,,,,,,,,,,,,,,,,,,,,,,,,,,,,,,,,,
GoogleMap_047,手机端导航,地图UI,已开始导航,"1.已进入导航
2.开始导航操作","1.按照数据栏方式操作地图
2.查看操作后的地图",双指展开,1.地图变大,,,,黄哲钧,,pass,,,,,,,,,,,,,,,,,,,,,,,,,,,,,,,,,
GoogleMap_048,手机端导航,地图UI,已开始导航,"1.已进入导航
2.开始导航操作","1.按照数据栏方式操作地图
2.查看操作后的地图",1.双指并拢，操作N次,1.地图一直放大，直到无法再被放大,,,,黄哲钧,,pass,,,,,,,,,,,,,,,,,,,,,,,,,,,,,,,,,
GoogleMap_049,手机端导航,地图UI,已开始导航,"1.已进入导航
2.开始导航操作","1.按照数据栏方式操作地图
2.查看操作后的地图",1.双指展开，操作N次,1.地图一直缩小，直到无法再被缩小,,,,黄哲钧,,pass,,,,,,,,,,,,,,,,,,,,,,,,,,,,,,,,,
GoogleMap_050,手机端导航,地图UI,已开始导航,"1.已进入导航
2.开始导航操作","1.按照数据栏方式操作地图
2.查看操作后的地图",1.双指顺时针转动,1.地图跟随手指，进行顺时针方向转动,,,,黄哲钧,,pass,,,,,,,,,,,,,,,,,,,,,,,,,,,,,,,,,
GoogleMap_051,手机端导航,地图UI,已开始导航,"1.已进入导航
2.开始导航操作","1.按照数据栏方式操作地图
2.查看操作后的地图",1.双指逆时针转动,1.地图跟随手指，进行逆时针方向转动,,,,黄哲钧,,pass,,,,,,,,,,,,,,,,,,,,,,,,,,,,,,,,,
GoogleMap_052,手机端导航,地图UI,已开始导航,"1.已进入导航
2.开始导航操作","1.按照数据栏方式操作地图
2.查看操作后的地图",1.双击,1.地图放大,,,,黄哲钧,,pass,,,,,,,,,,,,,,,,,,,,,,,,,,,,,,,,,
GoogleMap_053,手机端导航,地图UI,已开始导航,"1.已进入导航
2.开始导航操作","1.按照数据栏方式操作地图
2.查看操作后的地图",1.双击N次,1.地图一直放大，直到无法再被放大,,,,黄哲钧,,pass,,,,,,,,,,,,,,,,,,,,,,,,,,,,,,,,,
GoogleMap_054,手机端导航,地图UI,已开始导航,"1.已进入导航
2.开始导航操作","1.按照数据栏方式操作地图
2.查看操作后的地图",双指向上推,倾斜角变小,,,,黄哲钧,,pass,,,,,,,,,,,,,,,,,,,,,,,,,,,,,,,,,
GoogleMap_055,手机端导航,地图UI,已开始导航,"1.已进入导航
2.开始导航操作","1.按照数据栏方式操作地图
2.查看操作后的地图",双指向上推,倾斜角变大,,,,黄哲钧,,pass,,,,,,,,,,,,,,,,,,,,,,,,,,,,,,,,,
GoogleMap_056,手机端导航,悬浮球UI,已开始导航,"1.已进入导航
2.开始导航操作","1.确认路线后，选择出行方式为数据栏数据
2.在导航中点击后台导航",驾车,"1.悬浮球logo为汽车
2.提示文字“导航中注意安全”",,,,黄哲钧,,pass,,,,,,,,,,,,,,,,,,,,,,,,,,,,,,,,,
GoogleMap_057,手机端导航,悬浮球UI,已开始导航,"1.已进入导航
2.开始导航操作","1.确认路线后，选择出行方式为数据栏数据
2.在导航中点击后台导航",骑行,"1.悬浮球logo为自行车
2.提示文字“导航中注意安全”",,,,黄哲钧,,pass,,,,,,,,,,,,,,,,,,,,,,,,,,,,,,,,,
GoogleMap_058,手机端导航,悬浮球UI,已开始导航,"1.已进入导航
2.开始导航操作","1.确认路线后，选择出行方式为数据栏数据
2.在导航中点击后台导航",步行,"1.悬浮球logo为步行
2.提示文字“导航中注意安全”",,,,黄哲钧,,pass,,,,,,,,,,,,,,,,,,,,,,,,,,,,,,,,,
GoogleMap_059,手机端导航,悬浮球交互,已开始导航,"1.已进入导航
2.开始导航操作
3.选择将导航置于后台",1.按照数据栏操作悬浮球,单指左右滑动,"1.悬浮球可以悬停在界面上
（Android可以停留在中间，iOS会贴在边上）",,,,黄哲钧,,pass,,,,,,,,,,,,,,,,,,,,,,,,,,,,,,,,,
GoogleMap_060,手机端导航,悬浮球交互,已开始导航,"1.已进入导航
2.开始导航操作
3.选择将导航置于后台",1.按照数据栏操作悬浮球,单指上下滑动,"1.悬浮球可以悬停在界面上
（Android可以停留在中间，iOS会贴在边上）",,,,黄哲钧,,pass,,,,,,,,,,,,,,,,,,,,,,,,,,,,,,,,,
GoogleMap_061,手机端导航,悬浮球交互,已开始导航,"1.已进入导航
2.开始导航操作
3.选择将导航置于后台",1.按照数据栏操作悬浮球,滑动至左上边缘处,"1.悬浮球可以悬停在界面上
（Android可以停留在中间，iOS会贴在边上）",,,,黄哲钧,,pass,,,,,,,,,,,,,,,,,,,,,,,,,,,,,,,,,
GoogleMap_062,手机端导航,悬浮球交互,已开始导航,"1.已进入导航
2.开始导航操作
3.选择将导航置于后台",1.按照数据栏操作悬浮球,滑动至左下边缘处,"1.悬浮球可以悬停在界面上
（Android可以停留在中间，iOS会贴在边上）",,,,黄哲钧,,pass,,,,,,,,,,,,,,,,,,,,,,,,,,,,,,,,,
GoogleMap_063,手机端导航,悬浮球交互,已开始导航,"1.已进入导航
2.开始导航操作
3.选择将导航置于后台",1.按照数据栏操作悬浮球,滑动至右上边缘处,"1.悬浮球可以悬停在界面上
（Android可以停留在中间，iOS会贴在边上）",,,,黄哲钧,,pass,,,,,,,,,,,,,,,,,,,,,,,,,,,,,,,,,
GoogleMap_064,手机端导航,悬浮球交互,已开始导航,"1.已进入导航
2.开始导航操作
3.选择将导航置于后台",1.按照数据栏操作悬浮球,滑动至右下边缘处,"1.悬浮球可以悬停在界面上
（Android可以停留在中间，iOS会贴在边上）",,,,黄哲钧,,pass,,,,,,,,,,,,,,,,,,,,,,,,,,,,,,,,,
GoogleMap_065,手机端导航,悬浮球交互,已开始导航,"1.已进入导航
2.开始导航操作
3.选择将导航置于后台",1.按照数据栏操作悬浮球,点击悬浮球,1.悬浮球展开，进入导航界面,,,,黄哲钧,,pass,,,,,,,,,,,,,,,,,,,,,,,,,,,,,,,,,
GoogleMap_066,手机端导航,悬浮球交互,已开始导航,"1.已进入导航
2.开始导航操作
3.选择将导航置于后台","1.进入数据栏功能
2.点击悬浮球
3.点击后台导航",便签,"1.悬浮球一直处于UI最上层状态
2.点击悬浮球后，悬浮球消失
3.回到后台后，依旧为数据栏功能页面，不会跳转到其他界面",,,,黄哲钧,,pass,,,,,,,,,,,,,,,,,,,,,,,,,,,,,,,,,
GoogleMap_067,手机端导航,悬浮球交互,已开始导航,"1.已进入导航
2.开始导航操作
3.选择将导航置于后台","1.进入数据栏功能
2.点击悬浮球
3.点击后台导航",翻译,"1.悬浮球一直处于UI最上层状态
2.点击悬浮球后，悬浮球消失
3.回到后台后，依旧为数据栏功能页面，不会跳转到其他界面",,,,黄哲钧,,pass,,,,,,,,,,,,,,,,,,,,,,,,,,,,,,,,,
GoogleMap_068,手机端导航,悬浮球交互,已开始导航,"1.已进入导航
2.开始导航操作
3.选择将导航置于后台","1.进入数据栏功能
2.点击悬浮球
3.点击后台导航",会议纪要,"1.悬浮球一直处于UI最上层状态
2.点击悬浮球后，悬浮球消失
3.回到后台后，依旧为数据栏功能页面，不会跳转到其他界面",,,,黄哲钧,,pass,,,,,,,,,,,,,,,,,,,,,,,,,,,,,,,,,
GoogleMap_069,手机端导航,悬浮球交互,已开始导航,"1.已进入导航
2.开始导航操作
3.选择将导航置于后台","1.进入数据栏功能
2.点击悬浮球
3.点击后台导航",慧眼,"1.悬浮球一直处于UI最上层状态
2.点击悬浮球后，悬浮球消失
3.回到后台后，依旧为数据栏功能页面，不会跳转到其他界面",,,,黄哲钧,,NA,,,,,,,,,,,,,,,,,,,,,,,,,,,,,,,,,
GoogleMap_070,手机端导航,悬浮球交互,已开始导航,"1.已进入导航
2.开始导航操作
3.选择将导航置于后台","1.进入数据栏功能
2.点击悬浮球
3.点击后台导航",看一下支付,"1.悬浮球一直处于UI最上层状态
2.点击悬浮球后，悬浮球消失
3.回到后台后，依旧为数据栏功能页面，不会跳转到其他界面",,,,黄哲钧,,NA,,,,,,,,,,,,,,,,,,,,,,,,,,,,,,,,,
GoogleMap_071,手机端导航,悬浮球交互,已开始导航,"1.已进入导航
2.开始导航操作
3.选择将导航置于后台","1.进入数据栏功能
2.点击悬浮球
3.点击后台导航",操作指南,"1.悬浮球一直处于UI最上层状态
2.点击悬浮球后，悬浮球消失
3.回到后台后，依旧为数据栏功能页面，不会跳转到其他界面",,,,黄哲钧,,NA,,,,,,,,,,,,,,,,,,,,,,,,,,,,,,,,,
GoogleMap_072,手机端导航,悬浮球交互,已开始导航,"1.已进入导航
2.开始导航操作
3.选择将导航置于后台","1.进入数据栏功能
2.点击悬浮球
3.点击后台导航",新手教学,"1.悬浮球一直处于UI最上层状态
2.点击悬浮球后，悬浮球消失
3.回到后台后，依旧为数据栏功能页面，不会跳转到其他界面",,,,黄哲钧,,NA,,,,,,,,,,,,,,,,,,,,,,,,,,,,,,,,,
GoogleMap_073,手机端导航,悬浮球交互,已开始导航,"1.已进入导航
2.开始导航操作
3.选择将导航置于后台",1.悬浮球存在时点击数据栏功能,导航,"1.悬浮球消失
2.进入导航界面",,,,黄哲钧,,"Fail
1.开始导航
2.点击后台导航
3.在主页上点击导航
4.路线规划失败",,,,,,,,,,,,,,,,,,,,,,,,,,,,,,,,,
GoogleMap_074,手机端导航,切换语言,切换app语言,"1.未进入导航","1.进入我的-应用设置
2.选择数据栏语言进行切换
3.进入导航，查看界面文字显示与布局",简中-繁中TW,"1.界面字符没有溢出、截断
2.字符为当前语言下的字符，不出现其他语言下的字符",,,,黄哲钧,,pass,,,,,,,,,,,,,,,,,,,,,,,,,,,,,,,,,
GoogleMap_075,手机端导航,切换语言,切换app语言,"1.未进入导航","1.进入我的-应用设置
2.选择数据栏语言进行切换
3.进入导航，查看界面文字显示与布局",繁中TW-简中,"1.界面字符没有溢出、截断
2.字符为当前语言下的字符，不出现其他语言下的字符",,,,黄哲钧,,pass,,,,,,,,,,,,,,,,,,,,,,,,,,,,,,,,,
GoogleMap_076,手机端导航,切换语言,切换app语言,"1.未进入导航","1.进入我的-应用设置
2.选择数据栏语言进行切换
3.进入导航，查看界面文字显示与布局",简中-繁中HK,"1.界面字符没有溢出、截断
2.字符为当前语言下的字符，不出现其他语言下的字符",,,,黄哲钧,,pass,,,,,,,,,,,,,,,,,,,,,,,,,,,,,,,,,
GoogleMap_077,手机端导航,切换语言,切换app语言,"1.未进入导航","1.进入我的-应用设置
2.选择数据栏语言进行切换
3.进入导航，查看界面文字显示与布局",繁中HK简中,"1.界面字符没有溢出、截断
2.字符为当前语言下的字符，不出现其他语言下的字符",,,,黄哲钧,,pass,,,,,,,,,,,,,,,,,,,,,,,,,,,,,,,,,
GoogleMap_078,手机端导航,切换语言,切换app语言,"1.未进入导航","1.进入我的-应用设置
2.选择数据栏语言进行切换
3.进入导航，查看界面文字显示与布局",简中- English,"1.界面字符没有溢出、截断
2.字符为当前语言下的字符，不出现其他语言下的字符",,,,黄哲钧,,pass,,,,,,,,,,,,,,,,,,,,,,,,,,,,,,,,,
GoogleMap_079,手机端导航,切换语言,切换app语言,"1.未进入导航","1.进入我的-应用设置
2.选择数据栏语言进行切换
3.进入导航，查看界面文字显示与布局",English-简中,"1.界面字符没有溢出、截断
2.字符为当前语言下的字符，不出现其他语言下的字符",,,,黄哲钧,,pass,,,,,,,,,,,,,,,,,,,,,,,,,,,,,,,,,
GoogleMap_080,手机端导航,切换语言,切换app语言,"1.未进入导航","1.进入我的-应用设置
2.选择数据栏语言进行切换
3.进入导航，查看界面文字显示与布局",繁中TW-繁中HK,"1.界面字符没有溢出、截断
2.字符为当前语言下的字符，不出现其他语言下的字符",,,,黄哲钧,,pass,,,,,,,,,,,,,,,,,,,,,,,,,,,,,,,,,
GoogleMap_081,手机端导航,切换语言,切换app语言,"1.未进入导航","1.进入我的-应用设置
2.选择数据栏语言进行切换
3.进入导航，查看界面文字显示与布局",繁中HK-繁中TW,"1.界面字符没有溢出、截断
2.字符为当前语言下的字符，不出现其他语言下的字符",,,,黄哲钧,,pass,,,,,,,,,,,,,,,,,,,,,,,,,,,,,,,,,
GoogleMap_082,手机端导航,切换语言,切换app语言,"1.未进入导航","1.进入我的-应用设置
2.选择数据栏语言进行切换
3.进入导航，查看界面文字显示与布局",繁中TW- English,"1.界面字符没有溢出、截断
2.字符为当前语言下的字符，不出现其他语言下的字符",,,,黄哲钧,,pass,,,,,,,,,,,,,,,,,,,,,,,,,,,,,,,,,
GoogleMap_083,手机端导航,切换语言,切换app语言,"1.未进入导航","1.进入我的-应用设置
2.选择数据栏语言进行切换
3.进入导航，查看界面文字显示与布局",English-繁中TW,"1.界面字符没有溢出、截断
2.字符为当前语言下的字符，不出现其他语言下的字符",,,,黄哲钧,,pass,,,,,,,,,,,,,,,,,,,,,,,,,,,,,,,,,
GoogleMap_084,手机端导航,切换语言,切换app语言,"1.未进入导航","1.进入我的-应用设置
2.选择数据栏语言进行切换
3.进入导航，查看界面文字显示与布局",繁中HK-English,"1.界面字符没有溢出、截断
2.字符为当前语言下的字符，不出现其他语言下的字符",,,,黄哲钧,,pass,,,,,,,,,,,,,,,,,,,,,,,,,,,,,,,,,
GoogleMap_085,手机端导航,切换语言,切换app语言,"1.未进入导航","1.进入我的-应用设置
2.选择数据栏语言进行切换
3.进入导航，查看界面文字显示与布局",English-繁中HK,"1.界面字符没有溢出、截断
2.字符为当前语言下的字符，不出现其他语言下的字符",,,,黄哲钧,,pass,,,,,,,,,,,,,,,,,,,,,,,,,,,,,,,,,
GoogleMap_086,手机端导航,切换语言,切换app语言,1.已开始导航,"1.进入我的-应用设置
2.选择数据栏语言进行切换
3.进入导航与悬浮球，查看界面文字显示与布局",简中-繁中TW,"1.导航、悬浮球字符没有溢出、截断
2.字符为当前语言下的字符，不出现其他语言下的字符",,,,黄哲钧,,"pass
开始导航切换语言，导航会被杀掉",,,,,,,,,,,,,,,,,,,,,,,,,,,,,,,,,
GoogleMap_087,手机端导航,切换语言,切换app语言,1.已开始导航,"1.进入我的-应用设置
2.选择数据栏语言进行切换
3.进入导航与悬浮球，查看界面文字显示与布局",繁中TW-简中,"1.导航、悬浮球字符没有溢出、截断
2.字符为当前语言下的字符，不出现其他语言下的字符",,,,黄哲钧,,"pass
开始导航切换语言，导航会被杀掉",,,,,,,,,,,,,,,,,,,,,,,,,,,,,,,,,
GoogleMap_088,手机端导航,切换语言,切换app语言,1.已开始导航,"1.进入我的-应用设置
2.选择数据栏语言进行切换
3.进入导航与悬浮球，查看界面文字显示与布局",简中-繁中HK,"1.导航、悬浮球字符没有溢出、截断
2.字符为当前语言下的字符，不出现其他语言下的字符",,,,黄哲钧,,"pass
开始导航切换语言，导航会被杀掉",,,,,,,,,,,,,,,,,,,,,,,,,,,,,,,,,
GoogleMap_089,手机端导航,切换语言,切换app语言,1.已开始导航,"1.进入我的-应用设置
2.选择数据栏语言进行切换
3.进入导航与悬浮球，查看界面文字显示与布局",繁中HK简中,"1.导航、悬浮球字符没有溢出、截断
2.字符为当前语言下的字符，不出现其他语言下的字符",,,,黄哲钧,,"pass
开始导航切换语言，导航会被杀掉",,,,,,,,,,,,,,,,,,,,,,,,,,,,,,,,,
GoogleMap_090,手机端导航,切换语言,切换app语言,1.已开始导航,"1.进入我的-应用设置
2.选择数据栏语言进行切换
3.进入导航与悬浮球，查看界面文字显示与布局",简中- English,"1.导航、悬浮球字符没有溢出、截断
2.字符为当前语言下的字符，不出现其他语言下的字符",,,,黄哲钧,,"pass
开始导航切换语言，导航会被杀掉",,,,,,,,,,,,,,,,,,,,,,,,,,,,,,,,,
GoogleMap_091,手机端导航,切换语言,切换app语言,1.已开始导航,"1.进入我的-应用设置
2.选择数据栏语言进行切换
3.进入导航与悬浮球，查看界面文字显示与布局",English-简中,"1.导航、悬浮球字符没有溢出、截断
2.字符为当前语言下的字符，不出现其他语言下的字符",,,,黄哲钧,,"pass
开始导航切换语言，导航会被杀掉",,,,,,,,,,,,,,,,,,,,,,,,,,,,,,,,,
GoogleMap_092,手机端导航,切换语言,切换app语言,1.已开始导航,"1.进入我的-应用设置
2.选择数据栏语言进行切换
3.进入导航与悬浮球，查看界面文字显示与布局",繁中TW-繁中HK,"1.导航、悬浮球字符没有溢出、截断
2.字符为当前语言下的字符，不出现其他语言下的字符",,,,黄哲钧,,"pass
开始导航切换语言，导航会被杀掉",,,,,,,,,,,,,,,,,,,,,,,,,,,,,,,,,
GoogleMap_093,手机端导航,切换语言,切换app语言,1.已开始导航,"1.进入我的-应用设置
2.选择数据栏语言进行切换
3.进入导航与悬浮球，查看界面文字显示与布局",繁中HK-繁中TW,"1.导航、悬浮球字符没有溢出、截断
2.字符为当前语言下的字符，不出现其他语言下的字符",,,,黄哲钧,,"pass
开始导航切换语言，导航会被杀掉",,,,,,,,,,,,,,,,,,,,,,,,,,,,,,,,,
GoogleMap_094,手机端导航,切换语言,切换app语言,1.已开始导航,"1.进入我的-应用设置
2.选择数据栏语言进行切换
3.进入导航与悬浮球，查看界面文字显示与布局",繁中TW- English,"1.导航、悬浮球字符没有溢出、截断
2.字符为当前语言下的字符，不出现其他语言下的字符",,,,黄哲钧,,"pass
开始导航切换语言，导航会被杀掉",,,,,,,,,,,,,,,,,,,,,,,,,,,,,,,,,
GoogleMap_095,手机端导航,切换语言,切换app语言,1.已开始导航,"1.进入我的-应用设置
2.选择数据栏语言进行切换
3.进入导航与悬浮球，查看界面文字显示与布局",English-繁中TW,"1.导航、悬浮球字符没有溢出、截断
2.字符为当前语言下的字符，不出现其他语言下的字符",,,,黄哲钧,,"pass
开始导航切换语言，导航会被杀掉",,,,,,,,,,,,,,,,,,,,,,,,,,,,,,,,,
GoogleMap_096,手机端导航,切换语言,切换app语言,1.已开始导航,"1.进入我的-应用设置
2.选择数据栏语言进行切换
3.进入导航与悬浮球，查看界面文字显示与布局",繁中HK-English,"1.导航、悬浮球字符没有溢出、截断
2.字符为当前语言下的字符，不出现其他语言下的字符",,,,黄哲钧,,"pass
开始导航切换语言，导航会被杀掉",,,,,,,,,,,,,,,,,,,,,,,,,,,,,,,,,
GoogleMap_097,手机端导航,切换语言,切换app语言,1.已开始导航,"1.进入我的-应用设置
2.选择数据栏语言进行切换
3.进入导航与悬浮球，查看界面文字显示与布局",English-繁中HK,"1.导航、悬浮球字符没有溢出、截断
2.字符为当前语言下的字符，不出现其他语言下的字符",,,,黄哲钧,,"pass
开始导航切换语言，导航会被杀掉",,,,,,,,,,,,,,,,,,,,,,,,,,,,,,,,,
GoogleMap_098,手机端导航,切换语言,切换系统语言,1.已开始导航,"1.打开app，将app置于后台
2.切换系统语言至数据栏语言",简中-繁中TW,"1.导航、悬浮球字符没有溢出、截断
2.字符为当前语言下的字符，不出现其他语言下的字符",,,,黄哲钧,,"Fail
导航时切换系统语言，眼镜端导航退出，手机端导航依旧运行中",,,,,,,,,,,,,,,,,,,,,,,,,,,,,,,,,
GoogleMap_099,手机端导航,切换语言,切换系统语言,1.已开始导航,"1.打开app，将app置于后台
2.切换系统语言至数据栏语言",简中-繁中HK,"1.导航、悬浮球字符没有溢出、截断
2.字符为当前语言下的字符，不出现其他语言下的字符",,,,黄哲钧,,"Fail
导航时切换系统语言，眼镜端导航退出，手机端导航依旧运行中",,,,,,,,,,,,,,,,,,,,,,,,,,,,,,,,,
GoogleMap_100,手机端导航,切换语言,切换系统语言,1.未开始导航,"1.打开app，将app置于后台
2.切换系统语言至数据栏语言",简中- English,"1.导航、悬浮球字符没有溢出、截断
2.字符为当前语言下的字符，不出现其他语言下的字符",,,,黄哲钧,,"Fail
导航时切换系统语言，眼镜端导航退出，手机端导航依旧运行中",,,,,,,,,,,,,,,,,,,,,,,,,,,,,,,,,
GoogleMap_101,手机端导航,切换语言,切换系统语言,1.未开始导航,"1.打开app，将app置于后台
2.切换系统语言至数据栏语言",繁中TW- English,"1.导航、悬浮球字符没有溢出、截断
2.字符为当前语言下的字符，不出现其他语言下的字符",,,,黄哲钧,,"Fail
导航时切换系统语言，眼镜端导航退出，手机端导航依旧运行中",,,,,,,,,,,,,,,,,,,,,,,,,,,,,,,,,
GoogleMap_102,手机端导航,切换语言,切换系统语言,1.未开始导航,"1.打开app，将app置于后台
2.切换系统语言至数据栏语言",繁中HK-English,"1.导航、悬浮球字符没有溢出、截断
2.字符为当前语言下的字符，不出现其他语言下的字符",,,,黄哲钧,,"Fail
导航时切换系统语言，眼镜端导航退出，手机端导航依旧运行中",,,,,,,,,,,,,,,,,,,,,,,,,,,,,,,,,
GoogleMap_103,手机端导航,性能测试,流量测试,1.未开始导航,"1.选择目的地，进行导航
2.关注导航过程中（10min/30min/1h）数据栏数据的变化",流量,1.流量消耗与竞品进行对比,,,,黄哲钧,,,,,,,,,,,,,,,,,,,,,,,,,,,,,,,,,,,
GoogleMap_104,手机端导航,性能测试,内存测试,1.未开始导航,"1.选择目的地，进行导航
2.关注导航过程中（10min/30min/1h）数据栏数据的变化",内存,1.内存占用与竞品进行对比,,,,黄哲钧,,,,,,,,,,,,,,,,,,,,,,,,,,,,,,,,,,,
GoogleMap_105,手机端导航,性能测试,CPU测试,1.未开始导航,"1.选择目的地，进行导航
2.关注导航过程中（10min/30min/1h）数据栏数据的变化",CPU,1.CPU占用与竞品进行对比,,,,黄哲钧,,,,,,,,,,,,,,,,,,,,,,,,,,,,,,,,,,,
GoogleMap_106,手机端导航,稳定性测试,长时间导航,,1.按数据栏数据进行长时间导航,60min,1.导航功能正常进行，手机没有发热、耗电快等问题,,,,黄哲钧,,,,,,,,,,,,,,,,,,,,,,,,,,,,,,,,,,,
GoogleMap_107,手机端导航,升级/安装,app端,G0.11.0升级至最新测试版，glasses端不升级,"1.G0.11.0升级至G0.12.0已配对眼镜
2.glasses不升级
3.进行导航操作，查看glasses的状态","app 0.13.0
glasses 1015202",1.提示“使用该功能需要进行眼镜升级”,,,,黄哲钧,,pass,,,,,,,,,,,,,,,,,,,,,,,,,,,,,,,,,
GoogleMap_108,手机端导航,升级/安装,app端,G0.11.0升级至最新测试版，glasses端不升级,"1.G0.11.0升级至G0.12.0已配对眼镜
2.glasses不升级
3.通过AI助手进行导航","app 0.13.0
glasses 1015202",1.提示“需要升级眼镜”,,,,黄哲钧,,pass,,,,,,,,,,,,,,,,,,,,,,,,,,,,,,,,,
GoogleMap_109,手机端导航,升级/安装,app端,G0.11.0配对最新测试版glasses固件,"1.G0.11.0已配对眼镜
2.glasses为最新测试版本
3.端侧意图打开导航","app 0.11.0
glasses 1015202",1.导航功能正常进行,,,,黄哲钧,,pass,,,,,,,,,,,,,,,,,,,,,,,,,,,,,,,,,
GoogleMap_110,手机端导航,升级/安装,眼镜端,G0.11.0，最新测试版本glasses固件,"1.G0.11.0已配对眼镜
2.眼镜从最新OTA版本升级至测试版
3.端侧意图打开导航","app 0.11.0
glasses 1015202",1.导航功能正常进行,,,,黄哲钧,,pass,,,,,,,,,,,,,,,,,,,,,,,,,,,,,,,,,
GoogleMap_001,眼镜端导航,导航UI,导航UI-app未连接,app与眼镜未连接,1.通过touch pad打开导航,,提示请先连接app,,,,黄哲钧,,,,,,,,,,,,,,,,,,,,,,,,,,,,,,,,,,,
GoogleMap_002,眼镜端导航,导航UI,导航UI-app已连接,app与眼镜已连接,"1.通过touch pad打开导航
2.查看界面显示",,提示“请说，hi rokid，导航至...”,,,,黄哲钧,,pass,,,,,,,,,,,,,,,,,,,,,,,,,,,,,,,,,
GoogleMap_003,眼镜端导航,导航UI,导航UI-app已连接,app与眼镜已连接,"1.通过touch pad打开导航
2.按照提示，说出数据栏地点",导航地点（例如，西湖）,"1.tts播报
2.开始展示导航界面",,,,黄哲钧,,pass,,,,,,,,,,,,,,,,,,,,,,,,,,,,,,,,,
GoogleMap_004,眼镜端导航,导航UI,导航UI-app已连接,app与眼镜已连接,"1.通过touch pad打开导航
2.按照提示，说出数据栏地点",不存在的地点,"1.tts播报，目的地不存在
2.回到launcher",,,,黄哲钧,,pass,,,,,,,,,,,,,,,,,,,,,,,,,,,,,,,,,
GoogleMap_005,眼镜端导航,导航UI,导航UI-导航界面,手机端已经开始导航,"1.使用步行方式开始导航
2.查看数据栏位置处，眼镜端的界面展示",左侧，自上而下,"1.当前时速
2.出行方式图标“步行”+到达时间
3.当前时间",,,,黄哲钧,,pass,,,,,,,,,,,,,,,,,,,,,,,,,,,,,,,,,
GoogleMap_006,眼镜端导航,导航UI,导航UI-导航界面,手机端已经开始导航,"1.使用骑行方式开始导航
2.查看数据栏位置处，眼镜端的界面展示",左侧，自上而下,"1.当前时速
2.出行方式图标“骑行”+到达时间
3.当前时间",,,,黄哲钧,,pass,,,,,,,,,,,,,,,,,,,,,,,,,,,,,,,,,
GoogleMap_007,眼镜端导航,导航UI,导航UI-导航界面,手机端已经开始导航,"1.使用驾车方式开始导航
2.查看数据栏位置处，眼镜端的界面展示",左侧，自上而下,"1.当前时速
2.出行方式图标“驾车”+到达时间
3.当前时间",,,,黄哲钧,,pass,,,,,,,,,,,,,,,,,,,,,,,,,,,,,,,,,
GoogleMap_008,眼镜端导航,导航UI,导航UI-导航界面,手机端已经开始导航,"1.使用步行方式开始导航
2.查看数据栏位置处，眼镜端的界面展示",中间，自上而下,"1.下个路口方向，距离下个路口的距离
2.提示下个需要进入入口的名称，如文一西路隧道
3.音乐播放/AI助手/通话框（用例中需要分类细化）",,,,黄哲钧,,pass,,,,,,,,,,,,,,,,,,,,,,,,,,,,,,,,,
GoogleMap_009,眼镜端导航,导航UI,导航UI-导航界面,手机端已经开始导航,"1.使用骑行方式开始导航
2.查看数据栏位置处，眼镜端的界面展示",中间，自上而下,"1.下个路口方向，距离下个路口的距离
2.提示下个需要进入入口的名称，如文一西路隧道
3.音乐播放/AI助手/通话框（用例中需要分类细化）",,,,黄哲钧,,pass,,,,,,,,,,,,,,,,,,,,,,,,,,,,,,,,,
GoogleMap_010,眼镜端导航,导航UI,导航UI-导航界面,手机端已经开始导航,"1.使用驾车方式开始导航
2.查看数据栏位置处，眼镜端的界面展示",中间，自上而下,"1.车道选择（驾车时才有）
2.车道选择，距离下个路口的距离
3.提示下个需要进入入口的名称，如文一西路隧道
4.音乐播放/AI助手/通话框（用例中需要分类细化）",,,,黄哲钧,,pass,,,,,,,,,,,,,,,,,,,,,,,,,,,,,,,,,
GoogleMap_011,眼镜端导航,导航UI,导航UI-导航界面,手机端已经开始导航,"1.使用步行方式开始导航
2.查看数据栏位置处，眼镜端的界面展示",右侧，自上而下,"1.小地图（海外1.0暂无）
2.眼镜当前电量",,,,黄哲钧,,pass,,,,,,,,,,,,,,,,,,,,,,,,,,,,,,,,,
GoogleMap_012,眼镜端导航,导航UI,导航UI-导航界面,手机端已经开始导航,"1.使用骑行方式开始导航
2.查看数据栏位置处，眼镜端的界面展示",右侧，自上而下,"1.小地图（海外1.0暂无）
2.眼镜当前电量",,,,黄哲钧,,pass,,,,,,,,,,,,,,,,,,,,,,,,,,,,,,,,,
GoogleMap_013,眼镜端导航,导航UI,导航UI-导航界面,手机端已经开始导航,"1.使用驾车方式开始导航
2.查看数据栏位置处，眼镜端的界面展示",右侧，自上而下,"1.小地图（海外1.0暂无）
2.眼镜当前电量",,,,黄哲钧,,pass,,,,,,,,,,,,,,,,,,,,,,,,,,,,,,,,,
GoogleMap_014,眼镜端导航,导航UI,导航UI-地图全览,,"1.进入导航
2.右上角存在提示
3.根据提示滑动touchpad",,"1.进入全览地图模式
2.展示总共里程数｜剩余里程数
3.展示时间，音乐/AI助手/通话，眼镜剩余电量",,,,黄哲钧,,NA,,,,,,,,,,,,,,,,,,,,,,,,,,,,,,,,,
GoogleMap_015,眼镜端导航,导航UI,导航UI-地图全览,,"1.进入全览地图模式
2.右上角存在提示
3.根据提示滑动touchpad",,1.进入全览小地图模式,,,,黄哲钧,,NA,,,,,,,,,,,,,,,,,,,,,,,,,,,,,,,,,
GoogleMap_016,眼镜端导航,系统UI,系统UI- iOS,,"1.0.11.0客户端与最新版本眼镜配对
2.查看眼镜上展示的app
3.将客户端ota
4.等待双端自动重连上后，查看眼镜端是否存在导航",,"1.眼镜上暂无导航
2.更新后的app与眼镜重连，眼镜上存在导航",,,,黄哲钧,,pass,,,,,,,,,,,,,,,,,,,,,,,,,,,,,,,,,
GoogleMap_017,眼镜端导航,系统UI,系统UI- Android,,"1.0.11.0客户端与最新版本眼镜配对
2.查看眼镜上展示的app
3.将客户端ota
4.等待双端自动重连上后，查看眼镜端是否存在导航",,"1.眼镜上暂无导航
2.更新后的app与眼镜重连，眼镜上存在导航",,,,黄哲钧,,pass,,,,,,,,,,,,,,,,,,,,,,,,,,,,,,,,,
,位置权限,app主页,导航入口,首次使用app，处于主页，弹出权限申请,"1.选择数据栏数据
2.连接佩戴眼镜
3.点击导航入口",“永不”,app端提示请获取位置权限,,,,徐锦樑,,pass,,,,,,,,,,,,,,,,,,,,,,,,,,,,,,,,,
,位置权限,app主页,导航入口,首次使用app，处于主页，弹出权限申请,"1.选择数据栏数据
2.连接佩戴眼镜
3.点击导航入口",“下次询问或在我共享时”,app端提示请获取位置权限,,,,徐锦樑,,pass,,,,,,,,,,,,,,,,,,,,,,,,,,,,,,,,,
,位置权限,app主页,导航入口,首次使用app，处于权限申请选择“下次询问或在我共享时”后状态,"1.点击导航入口，弹出位置权限申请
2.选择“使用app时允许”
3.导航到目的地kfc
4.进行数据栏中的操作",保持app置于前台使用,导航正常，app和眼镜端提示需要始终获取位置权限,,,,徐锦樑,,pass,,,,,,,,,,,,,,,,,,,,,,,,,,,,,,,,,
,位置权限,app主页,导航入口,首次使用app，处于权限申请选择“下次询问或在我共享时”后状态,"1.点击导航入口,弹出位置权限申请，选择“使用app时允许”
2.导航到目的地kfc
3.行数据栏中的操作",将app置于后台,"眼镜端提示需要始终获取位置权限
导航保留原画面不更新",,,,徐锦樑,,pass,,,,,,,,,,,,,,,,,,,,,,,,,,,,,,,,,
,位置权限,app主页,导航入口,首次使用app，处于权限申请选择“下次询问或在我共享时”后状态,"1.点击导航入口，弹出位置权限申请,选择“使用app时允许”
2.导航到目的地kfc
3.进行数据栏中的操作",手机锁屏,"眼镜端提示需要始终获取位置权限
导航保留原画面不更新",,,,徐锦樑,,pass,,,,,,,,,,,,,,,,,,,,,,,,,,,,,,,,,
,位置权限,app主页,导航入口,首次使用app，处于权限申请选择“下次询问或在我共享时”后状态,"1.点击导航入口，弹出位置权限申请
2.选择数据栏中的数据
3.导航到目的地kfc",“允许一次”,导航正常，app和眼镜端提示需要始终获取位置权限,,,,徐锦樑,,pass,,,,,,,,,,,,,,,,,,,,,,,,,,,,,,,,,
,位置权限,app主页,导航入口,首次使用app，处于权限申请选择“下次询问或在我共享时”后状态,"1.点击导航入口，弹出位置权限申请
2.选择数据栏中的数据
3.导航到目的地kfc",“不允许”,app端提示请获取位置权限,,,,徐锦樑,,pass,,,,,,,,,,,,,,,,,,,,,,,,,,,,,,,,,
,位置权限,app主页,导航入口,首次使用app，处于权限申请选择“使用app期间”后状态,"1.点击导航入口
2.导航到目的地kfc
3.进行数据栏中的操作",保持app置于前台使用,导航正常，app和眼镜端提示需要始终获取位置权限,,,,徐锦樑,,pass,,,,,,,,,,,,,,,,,,,,,,,,,,,,,,,,,
,位置权限,app主页,导航入口,首次使用app，处于权限申请选择“使用app期间”后状态,"1.点击导航入口
2.导航到目的地kfc
3.进行数据栏中的操作",将app置于后台,"眼镜端提示需要始终获取位置权限
导航保留原画面不更新",,,,徐锦樑,,pass,,,,,,,,,,,,,,,,,,,,,,,,,,,,,,,,,
,位置权限,app主页,导航入口,首次使用app，处于权限申请选择“使用app期间”后状态,"1.点击导航入口
2.导航到目的地kfc
3.进行数据栏中的操作",手机锁屏,"眼镜端提示需要始终获取位置权限
导航保留原画面不更新",,,,徐锦樑,,pass,,,,,,,,,,,,,,,,,,,,,,,,,,,,,,,,,
,位置权限,app主页,导航入口-异常情况,首次使用app，处于主页，权限申请选择“始终”,"1.进行数据栏中的操作
2.点击导航入口
3.导航到目的地kfc",打开精确位置,导航正常,,,,徐锦樑,,pass,,,,,,,,,,,,,,,,,,,,,,,,,,,,,,,,,
,位置权限,app主页,导航入口,首次使用app，处于主页，权限申请选择“始终”,"1.进行数据栏中的操作
2.点击导航入口
3.导航到目的地kfc",关闭精确位置,无法开启导航，并提示打开精确位置权限,,,,徐锦樑,,pass,,,,,,,,,,,,,,,,,,,,,,,,,,,,,,,,,
,导航应用,搜索,导航搜索界面,处于导航搜索界面，之前没有搜索过地点,"1.检查地图状态
2.滑动地图",,"1.显示定位附近的地图
2.正常滑动地图",,,,徐锦樑,,pass,,,,,,,,,,,,,,,,,,,,,,,,,,,,,,,,,
,导航应用,搜索,导航搜索界面,处于导航搜索界面,1.点击右下角的指向标,,聚焦到定位上,,,,徐锦樑,,pass,,,,,,,,,,,,,,,,,,,,,,,,,,,,,,,,,
,导航应用,搜索,导航搜索界面,处于导航搜索界面，之前搜索过地点,"
1.滑动地图寻找之前搜索过的地点",搜索地点浙江大学,1.能够滑动找到搜索地点,,,,徐锦樑,,pass,,,,,,,,,,,,,,,,,,,,,,,,,,,,,,,,,
,导航应用,搜索,导航搜索界面,处于导航搜索界面,1.点击左上角返回按钮,,1.返回设备主页界面,,,,徐锦樑,,pass,,,,,,,,,,,,,,,,,,,,,,,,,,,,,,,,,
,导航应用,搜索,导航搜索框,处于导航搜索界面,1.上下滑动弹窗,,弹窗可正常滑动并能拉至最顶,,,,徐锦樑,,pass,,,,,,,,,,,,,,,,,,,,,,,,,,,,,,,,,
,导航应用,搜索,导航搜索框,处于搜索栏唤起状态,1.点击返回按钮,,返回导航主页默认状态,,,,徐锦樑,,pass,,,,,,,,,,,,,,,,,,,,,,,,,,,,,,,,,
,导航应用,搜索,导航搜索框,"1.处于搜索栏唤起状态
2.网络情况良好","1点击搜索栏，输入数据栏中地点
2.在搜索出来的地点列表中选择地点点击",浙江大学,"1.跳转规划路线
2.跳转过程中有路线规划中提示",,,,徐锦樑,,pass,,,,,,,,,,,,,,,,,,,,,,,,,,,,,,,,,
,导航应用,搜索,导航搜索框,"1.处于搜索栏唤起状态
2.网络情况良好","1.点击搜索栏，输入数据栏中的地点
2.检查地点列表中名字过长的地点",自助银行,地点名过长结尾变成...,,,,徐锦樑,,pass,,,,,,,,,,,,,,,,,,,,,,,,,,,,,,,,,
,导航应用,搜索,导航搜索框-不存在的地点,"1.处于搜索栏唤起状态
2.网络情况良好","1.点击搜索栏，输入数据栏中的地点
",123123123,没有搜索结果,,,,徐锦樑,,pass,,,,,,,,,,,,,,,,,,,,,,,,,,,,,,,,,
,导航应用,搜索,导航搜索框-不存在的地点,"1.处于搜索栏唤起状态
2.网络情况良好","1.点击搜索栏，输入数据栏中的地点
",😄😄😄,没有搜索结果,,,,徐锦樑,,pass,,,,,,,,,,,,,,,,,,,,,,,,,,,,,,,,,
,导航应用,搜索,导航搜索框-不存在的地点,"1.处于搜索栏唤起状态
2.网络情况良好","1.点击搜索栏，输入数据栏中的地点
",。，？,没有搜索结果,,,,徐锦樑,,pass,,,,,,,,,,,,,,,,,,,,,,,,,,,,,,,,,
,导航应用,搜索,导航搜索框,"1.处于搜索栏唤起状态
2.网络情况糟糕","1.点击搜索栏
2.输入地点",,"1.无网提示
2.无法跳转路线规划",,,,徐锦樑,,pass,,,,,,,,,,,,,,,,,,,,,,,,,,,,,,,,,
,导航应用,搜索,导航搜索框,"1.处于搜索栏唤起状态
2.网络情况糟糕","1.点击搜索栏
2.点击历史地点",,"1.无网提示
2.无法跳转路线规划",,,,徐锦樑,,pass,,,,,,,,,,,,,,,,,,,,,,,,,,,,,,,,,
,导航应用,搜索,导航搜索框,"1.处于搜索栏唤起状态
2.搜索框无内容时",1.查看历史记录,,历史记录中显示规划过的地点,,,,徐锦樑,,pass,,,,,,,,,,,,,,,,,,,,,,,,,,,,,,,,,
,导航应用,搜索,导航搜索框,"1.处于搜索栏唤起状态
2.搜索框无内容时","1.左滑一条历史记录
2.进行数据栏中的操作",单击删除该历史记录,该历史记录被删除,,,,徐锦樑,,pass,,,,,,,,,,,,,,,,,,,,,,,,,,,,,,,,,
,导航应用,搜索,导航搜索框,"1.处于搜索栏唤起状态
2.搜索框无内容时","1.左滑一条历史记录
2.进行数据栏中的操作",点击空白处,取消删除操作,,,,徐锦樑,,pass,,,,,,,,,,,,,,,,,,,,,,,,,,,,,,,,,
,导航应用,搜索,导航搜索框,"1.处于搜索栏唤起状态
2.搜索框无内容时","1.点击清空
2.点击立即清空",,历史记录全部清空,,,,徐锦樑,,pass,,,,,,,,,,,,,,,,,,,,,,,,,,,,,,,,,
,导航应用,搜索,导航搜索框,"1.处于搜索栏唤起状态
2.搜索框无内容时","1.点击清空
2.点击取消",,取消清空,,,,徐锦樑,,pass,,,,,,,,,,,,,,,,,,,,,,,,,,,,,,,,,
,导航应用,搜索,导航搜索框,"1.处于搜索栏唤起状态
2.搜索框无内容时","1.点击清空
2.点击空白处",,取消清空,,,,徐锦樑,,pass,,,,,,,,,,,,,,,,,,,,,,,,,,,,,,,,,
,导航应用,搜索,导航搜索框,"1.处于搜索栏唤起状态
2.搜索框无内容时","1.未搜索过地点，历史记录为空
2.检查历史记录列表",,历史记录为空，无法滑动,,,,徐锦樑,,pass,,,,,,,,,,,,,,,,,,,,,,,,,,,,,,,,,
,导航应用,搜索,导航搜索框,"1.处于搜索栏唤起状态
2.搜索框无内容时","1.清空历史记录
2.检查历史记录列表",,历史记录为空，无法滑动,,,,徐锦樑,,pass,,,,,,,,,,,,,,,,,,,,,,,,,,,,,,,,,
,导航应用,搜索,导航搜索框,"1.处于搜索栏唤起状态
2.搜索框无内容时","1.当前历史记录在单页可显示范围内
2.滑动历史记录列表",,"滑动正常
显示所有历史记录",,,,徐锦樑,,pass,,,,,,,,,,,,,,,,,,,,,,,,,,,,,,,,,
,导航应用,搜索,导航搜索框,"1.处于搜索栏唤起状态
2.搜索框无内容时","1.当前历史记录超出可单页显示范围
2.滑动历史记录列表",,"滑动正常
显示所有历史记录",,,,徐锦樑,,pass,,,,,,,,,,,,,,,,,,,,,,,,,,,,,,,,,
,导航应用,导航预览,路线规划,1.主页进入导航应用，搜索目的地点击路线，跳转路线规划界面,检查页面元素,,显示我的位置、目的地位置,,,,徐锦樑,,pass,,,,,,,,,,,,,,,,,,,,,,,,,,,,,,,,,
,导航应用,导航预览,路线规划,1.主页进入导航应用，搜索目的地点击路线，跳转路线规划界面,"1.点击目的地位置唤起搜索
2.检查输入法",,自动弹起输入法,,,,徐锦樑,,pass,,,,,,,,,,,,,,,,,,,,,,,,,,,,,,,,,
,导航应用,导航预览,路线规划,1.主页进入导航应用，搜索目的地点击路线，跳转路线规划界面,"1.点击目的地位置唤起搜索
2.检查历史记录列表",,显示所有历史记录,,,,徐锦樑,,pass,,,,,,,,,,,,,,,,,,,,,,,,,,,,,,,,,
,导航应用,导航预览,路线规划,1.主页进入导航应用，搜索目的地点击路线，跳转路线规划界面,"1.点击目的地位置唤起搜索
2.在历史记录列表中左滑一条历史记录
3.进行数据栏中的操作",单击删除该历史记录,该历史记录被删除,,,,徐锦樑,,NA,,,,,,,,,,,,,,,,,,,,,,,,,,,,,,,,,
,导航应用,导航预览,路线规划,1.主页进入导航应用，搜索目的地点击路线，跳转路线规划界面,"1.点击目的地位置唤起搜索
2.在历史记录列表中左滑一条历史记录
3.进行数据栏中的操作",点击空白处,取消删除操作,,,,徐锦樑,,NA,,,,,,,,,,,,,,,,,,,,,,,,,,,,,,,,,
,导航应用,导航预览,路线规划,1.主页进入导航应用，搜索目的地点击路线，跳转路线规划界面,"1.点击目的地位置唤起搜索
2.点击清空
3.点击数据栏数据
",立即清空,"历史记录全部清空
（iOS：存在清空按钮
Android：不存在清空按钮
是否需要保持一致？）",,,,徐锦樑,,NA,,,,,,,,,,,,,,,,,,,,,,,,,,,,,,,,,
,导航应用,导航预览,路线规划,1.主页进入导航应用，搜索目的地点击路线，跳转路线规划界面,"1.点击目的地位置唤起搜索
2.点击清空
3.点击数据栏数据
",取消,取消清空,,,,徐锦樑,,NA,,,,,,,,,,,,,,,,,,,,,,,,,,,,,,,,,
,导航应用,导航预览,路线规划,1.主页进入导航应用，搜索目的地点击路线，跳转路线规划界面,"1.点击目的地位置唤起搜索
2.点击清空
3.点击数据栏数据
",空白处,取消清空,,,,徐锦樑,,NA,,,,,,,,,,,,,,,,,,,,,,,,,,,,,,,,,
,导航应用,导航预览,路线规划,1.主页进入导航应用，搜索目的地点击路线，跳转路线规划界面,1.检查出行方式,,"包含骑行、步行、驾车
默认为驾车模式",,,,徐锦樑,,pass,,,,,,,,,,,,,,,,,,,,,,,,,,,,,,,,,
,导航应用,导航预览,路线规划,1.主页进入导航应用，搜索目的地点击路线，跳转路线规划界面,1.进行数据栏中的操作,点击骑行,"1.切换为骑行模式
2.地图中展示新的骑行路线
3.页面底部展示距离、时间",,,,徐锦樑,,NA,,,,,,,,,,,,,,,,,,,,,,,,,,,,,,,,,
,导航应用,导航预览,路线规划,1.主页进入导航应用，搜索目的地点击路线，跳转路线规划界面,1.进行数据栏中的操作,点击步行,"1.切换为步行模式
2.地图中展示新的步行路线
3.页面底部展示距离、时间",,,,徐锦樑,,pass,,,,,,,,,,,,,,,,,,,,,,,,,,,,,,,,,
,导航应用,导航预览,路线规划,1.主页进入导航应用，搜索目的地点击路线，跳转路线规划界面,1.进行数据栏中的操作,点击驾车,"1.切换为驾车模式
2.地图中展示新的驾车路线
3.页面底部展示距离、时间",,,,徐锦樑,,pass,,,,,,,,,,,,,,,,,,,,,,,,,,,,,,,,,
,导航应用,导航预览,路线规划,1.主页进入导航应用，搜索目的地点击路线，跳转路线规划界面,1.检查路线UI包含的元素,,包含起点、终点、路线、备选路线,,,,徐锦樑,,pass,,,,,,,,,,,,,,,,,,,,,,,,,,,,,,,,,
,导航应用,导航预览,路线规划,1.主页进入导航应用，搜索目的地点击路线，跳转路线规划界面,1.检查底部icon包含的元素,,显示时间、距离,,,,徐锦樑,,pass,,,,,,,,,,,,,,,,,,,,,,,,,,,,,,,,,
,导航应用,导航预览,路线规划,1.主页进入导航应用，搜索目的地点击路线，跳转路线规划界面,1.点击数据栏中的数据,点击底部的icon1,可正确切换icon和对应的路线,,,,徐锦樑,,NA,,,,,,,,,,,,,,,,,,,,,,,,,,,,,,,,,
,导航应用,导航预览,路线规划,1.主页进入导航应用，搜索目的地点击路线，跳转路线规划界面,1.点击数据栏中的数据,点击底部的icon2,可正确切换icon和对应的路线,,,,徐锦樑,,NA,,,,,,,,,,,,,,,,,,,,,,,,,,,,,,,,,
,导航应用,导航预览,路线规划,1.主页进入导航应用，搜索目的地点击路线，跳转路线规划界面,1.点击数据栏中的数据,点击底部的icon3,可正确切换icon和对应的路线,,,,徐锦樑,,NA,,,,,,,,,,,,,,,,,,,,,,,,,,,,,,,,,
,导航应用,导航预览,路线规划,1.主页进入导航应用，搜索目的地点击路线，跳转路线规划界面,1.点击数据栏中的数据,点击地图中不同的路线,可正确切换icon和对应的路线,,,,徐锦樑,,pass,,,,,,,,,,,,,,,,,,,,,,,,,,,,,,,,,
,导航应用,导航预览,开始导航,1.主页进入导航应用，搜索目的地点击路线，跳转路线规划界面,进行数据栏中的操作,连接眼镜并佩戴,"开启导航
眼镜播报tts",,,,徐锦樑,,pass,,,,,,,,,,,,,,,,,,,,,,,,,,,,,,,,,
,导航应用,导航预览,开始导航,1.主页进入导航应用，搜索目的地点击路线，跳转路线规划界面,进行数据栏中的操作,连接眼镜不佩戴,提示“请先佩戴眼镜”,,,,徐锦樑,,pass,,,,,,,,,,,,,,,,,,,,,,,,,,,,,,,,,
,导航应用,导航预览,开始导航,1.主页进入导航应用，搜索目的地点击路线，跳转路线规划界面,进行数据栏中的操作,不连接眼镜,提示“请先佩戴眼镜”,,,,徐锦樑,,pass,,,,,,,,,,,,,,,,,,,,,,,,,,,,,,,,,
,导航应用,导航预览,导航中,处于导航中界面,1.检查页面顶部UI,,显示路引信息,,,,徐锦樑,,pass,,,,,,,,,,,,,,,,,,,,,,,,,,,,,,,,,
,导航应用,导航预览,导航中,"1.处于驾车导航中界面
",1.检查页面底部UI,,"1.到达目的地所需要花费的时间
2.距离目的地的行驶距离
3.预计到达目的地的时间
4.显示汽车的图标
5.显示两个按钮：后台导航、结束导航",,,,徐锦樑,,pass,,,,,,,,,,,,,,,,,,,,,,,,,,,,,,,,,
,导航应用,导航预览,导航中,1.处于骑行导航中界面,1.检查页面底部UI,,"1.到达目的地所需要花费的时间
2.距离目的地的行驶距离
3.预计到达目的地的时间
4.显示自行车的图标
5.显示两个按钮：后台导航、结束导航",,,,徐锦樑,,pass,,,,,,,,,,,,,,,,,,,,,,,,,,,,,,,,,
,导航应用,导航预览,导航中,1.处于步行导航中界面,1.检查页面底部UI,,"1.到达目的地所需要花费的时间
2.距离目的地的行驶距离
3.预计到达目的地的时间
4.显示行人的图标
5.显示两个按钮：后台导航、结束导航",,,,徐锦樑,,pass,,,,,,,,,,,,,,,,,,,,,,,,,,,,,,,,,
,导航应用,导航预览,导航中,处于导航中界面,1.检查路线UI,,默认为蓝色,,,,徐锦樑,,pass,,,,,,,,,,,,,,,,,,,,,,,,,,,,,,,,,
,导航应用,导航预览,导航中,处于导航中界面,1.不按照预期路线前行,例如直行路口转弯,重新规划路线开始导航,,,,徐锦樑,,pass,,,,,,,,,,,,,,,,,,,,,,,,,,,,,,,,,
,导航应用,导航预览,导航中,处于导航中界面,1.关闭蓝牙,,导航退出,,,,徐锦樑,,pass,,,,,,,,,,,,,,,,,,,,,,,,,,,,,,,,,
,导航应用,导航预览,导航中,处于导航中界面,1.折叠镜腿,,导航退出,,,,徐锦樑,,pass,,,,,,,,,,,,,,,,,,,,,,,,,,,,,,,,,
,导航应用,导航预览,导航中,处于导航中界面,1.摘下眼镜,,导航退出,,,,徐锦樑,,pass,,,,,,,,,,,,,,,,,,,,,,,,,,,,,,,,,
,导航应用,导航预览,导航中,处于导航中界面,1.杀掉app,,导航退出,,,,徐锦樑,,pass,,,,,,,,,,,,,,,,,,,,,,,,,,,,,,,,,
,导航应用,导航预览,导航中,处于导航中界面,1.模拟弱网环境,QNet模拟网络环境,正常更新地图，会有一定延时,,,,徐锦樑,,NP,,,,,,,,,,,,,,,,,,,,,,,,,,,,,,,,,
,导航应用,导航预览,导航中,处于导航中界面,1.断开网络,,地图不更新,,,,徐锦樑,,pass,,,,,,,,,,,,,,,,,,,,,,,,,,,,,,,,,
,导航应用,导航预览,导航中,处于导航中界面,"1.从地铁地下A口走到B口
模拟弱GPS信号环境",,"地图持续更新，但是会有一定延时
tts播报“手机定位信号弱，会有一定延时”",,,,徐锦樑,,pass,,,,,,,,,,,,,,,,,,,,,,,,,,,,,,,,,
,导航应用,导航预览,导航中,处于导航中界面,1.导航中更改“始终”权限,,导航地图持续更新,,,,徐锦樑,,pass,,,,,,,,,,,,,,,,,,,,,,,,,,,,,,,,,
,导航应用,导航预览,导航中,处于导航中界面,1.导航中从“始终”权限更改“下次询问或在共享时”权限,,"1.app重启，眼镜断开后重连
2.弹起位置权限申请",,,,徐锦樑,,pass,,,,,,,,,,,,,,,,,,,,,,,,,,,,,,,,,
,导航应用,导航预览,导航中,处于导航中界面,"1.导航中从“始终”权限更改“使用app期间”权限
",,app重启，眼镜断开后重连,,,,徐锦樑,,pass,,,,,,,,,,,,,,,,,,,,,,,,,,,,,,,,,
,导航应用,导航预览,导航中,处于导航中界面,1.导航中从“始终”权限更改“永不“权限,,app重启，眼镜断开后重连,,,,徐锦樑,,pass,,,,,,,,,,,,,,,,,,,,,,,,,,,,,,,,,
,导航应用,导航预览,导航中,处于导航中界面,1.导航中关闭精确位置,,app重启，眼镜断开后重连,,,,徐锦樑,,pass,,,,,,,,,,,,,,,,,,,,,,,,,,,,,,,,,
,导航应用,导航预览,导航中,处于导航中界面,1.环岛行驶时,,"1.app和眼镜端显示路口选择的动画
2.tts播报选择的路口",最小用例,,,徐锦樑,,NP,,,,,,,,,,,,,,,,,,,,,,,,,,,,,,,,,
,导航应用,导航预览,导航中,处于导航中界面,1.点击路引框,,地图聚焦到距离定位最近的路段,,,,徐锦樑,,pass,,,,,,,,,,,,,,,,,,,,,,,,,,,,,,,,,
,导航应用,导航预览,导航中,处于导航中界面,"1.点击路引框
2.再次点击路引框",,重新聚焦到定位位置,,,,徐锦樑,,pass,,,,,,,,,,,,,,,,,,,,,,,,,,,,,,,,,
,导航应用,导航预览,导航中,处于导航中界面,1.滑动地图,,查看整个地图,,,,徐锦樑,,pass,,,,,,,,,,,,,,,,,,,,,,,,,,,,,,,,,
,导航应用,导航预览,导航中,处于导航中界面,"1.滑动地图
2.点击Re-center",,重新聚焦到定位位置,,,,徐锦樑,,pass,,,,,,,,,,,,,,,,,,,,,,,,,,,,,,,,,
,导航应用,导航预览,导航中,处于导航中界面,1.左滑路引框,,"1.路引框中的路段更改为前一段
2.地图中同步聚焦前一路段",,,,徐锦樑,,pass,,,,,,,,,,,,,,,,,,,,,,,,,,,,,,,,,
,导航应用,导航预览,导航中,处于导航中界面,"1.左滑路引框
2.路引框中为距离定位最近的路段继续左滑",,1.无法继续左滑,,,,徐锦樑,,pass,,,,,,,,,,,,,,,,,,,,,,,,,,,,,,,,,
,导航应用,导航预览,导航中,处于导航中界面,1.右滑路引框,,"1.路引框中的路段更改为下一段
2.地图中同步聚焦后一路段",,,,徐锦樑,,pass,,,,,,,,,,,,,,,,,,,,,,,,,,,,,,,,,
,导航应用,导航预览,导航中,处于导航中界面,"1.右滑路引框
2.路引框中为终点继续右滑",,1.无法继续右滑,,,,徐锦樑,,pass,,,,,,,,,,,,,,,,,,,,,,,,,,,,,,,,,
,导航应用,导航预览,后台导航,处于导航中界面,1.点击后台导航,,进入导航悬浮球模式,,,,徐锦樑,,pass,,,,,,,,,,,,,,,,,,,,,,,,,,,,,,,,,
,导航应用,导航预览,结束导航,处于导航中界面,1.点击结束导航,,回到跳转导航前的页面,,,,徐锦樑,,pass,,,,,,,,,,,,,,,,,,,,,,,,,,,,,,,,,
,导航应用,导航预览,结束导航,处于导航中界面,"1.在大路上行走（GPS和网络都较好）
2.到达目的地",,SDK会主动结束导航，回到导航默认界面,最小用例,,,徐锦樑,,,,,,,,,,,,,,,,,,,,,,,,,,,,,,,,,,,
,导航应用,导航预览,结束导航,处于导航中界面,"1.在地下车库行走，（GPS信号弱，网络较差）
2.到达目的地",,SDK会主动结束导航，回到导航默认界面,,,,徐锦樑,,,,,,,,,,,,,,,,,,,,,,,,,,,,,,,,,,,
,导航应用,导航预览,结束导航,处于导航中界面,"1.乘坐地铁（GPS信号好、网络差）
2.到达目的地",,SDK会主动结束导航，回到导航默认界面,,,,徐锦樑,,,,,,,,,,,,,,,,,,,,,,,,,,,,,,,,,,,
,导航应用,导航预览,结束导航,处于导航中界面,"1.公司内行走（GPS信号差、网络好）
2.到达目的地",,SDK会主动结束导航，回到导航默认界面,,,,徐锦樑,,,,,,,,,,,,,,,,,,,,,,,,,,,,,,,,,,,
,导航应用,导航预览,用户场景,处于google服务范围外,1.检查页面UI,,地图空白,,,,徐锦樑,,NP,,,,,,,,,,,,,,,,,,,,,,,,,,,,,,,,,
,导航应用,导航预览,用户场景,处于google服务范围外,"1.点击搜索框
2.输入kfc",,搜索结果为空，提示当前不在导航服务范围内,,,,徐锦樑,,NP,,,,,,,,,,,,,,,,,,,,,,,,,,,,,,,,,
,导航,导航模式,触控板,1.位于眼镜端应用页,1.眼镜端单击导航应用,,进入导航，提示“乐奇，请说出你要去的地方”,,,,徐锦樑,,pass,,,,,,,,,,,,,,,,,,,,,,,,,,,,,,,,,
,导航,导航模式,触控板,1.导航进行中,双击触控板,,提示再次双击退出导航,,,,徐锦樑,,pass,,,,,,,,,,,,,,,,,,,,,,,,,,,,,,,,,
,导航,导航模式,触控板,"1.导航进行中
2.第一次双击触控板后",再次双击触控板,,"1.退出导航
2.同时tts播报“导航已退出”",,,,徐锦樑,,pass,,,,,,,,,,,,,,,,,,,,,,,,,,,,,,,,,
,导航,导航模式,触控板,1.导航开始前,双击触控板,,提示再次双击退出导航,,,,徐锦樑,,pass,,,,,,,,,,,,,,,,,,,,,,,,,,,,,,,,,
,导航,导航模式,触控板,"1.导航开始前
2.第一次双击触控板后",再次双击触控板,,"1.退出导航
2.同时tts播报“导航已退出”",,,,徐锦樑,,pass,,,,,,,,,,,,,,,,,,,,,,,,,,,,,,,,,
,导航,导航模式,AI助手,1.位于眼镜端首页,1.语音指令：“数据栏中的数据”,Hi rokid，进入导航,显示提示：“请说：Hi rokid，导航到你想要去的地方”,,,,徐锦樑,,pass,,,,,,,,,,,,,,,,,,,,,,,,,,,,,,,,,
,导航,导航模式,AI助手,1.位于眼镜端首页,"1.语音指令：“Hi rokid，进入导航”
2.再语音指令：“数据栏中的数据”",Hi rokid，导航到kfc,"1.开始导航
2.同时tts播报“导航已开始”",最小用例,,,徐锦樑,,pass,,,,,,,,,,,,,,,,,,,,,,,,,,,,,,,,,
,导航,导航模式,AI助手,1.位于眼镜端首页,"1.语音指令：“Hi rokid，进入导航”
2.再语音指令：“数据栏中的数据”",Hi rokid，步行导航到kfc,"1.开始导航
2.同时tts播报“步行导航已开始”",最小用例,,,徐锦樑,,pass,,,,,,,,,,,,,,,,,,,,,,,,,,,,,,,,,
,导航,导航模式,AI助手,1.位于眼镜端首页,"1.语音指令：“Hi rokid，进入导航”
2.再语音指令：“数据栏中的数据”",Hi rokid，驾车导航到kfc,"1.开始导航
2.同时tts播报“骑行行导航已开始”",,,,徐锦樑,,pass,,,,,,,,,,,,,,,,,,,,,,,,,,,,,,,,,
,导航,导航模式,AI助手,1.位于眼镜端首页,"1.语音指令：“Hi rokid，进入导航”
2.再语音指令：“数据栏中的数据”",Hi rokid，骑行导航到kfc,"1.开始导航
2.同时tts播报“导航已开始”",,,,徐锦樑,,NP,,,,,,,,,,,,,,,,,,,,,,,,,,,,,,,,,
,导航,导航模式,AI助手,1.位于眼镜端首页,1.语音指令：“数据栏中的数据”,Hi rokid，导航到kfc,"1.开始导航
2.同时tts播报“导航已开始”",,,,徐锦樑,,pass,,,,,,,,,,,,,,,,,,,,,,,,,,,,,,,,,
,导航,导航模式,AI助手,1.位于眼镜端首页,1.语音指令：“数据栏中的数据”,Hi rokid，步行导航到kfc,"1.开始导航
2.同时tts播报“步行导航已开始”",,,,徐锦樑,,pass,,,,,,,,,,,,,,,,,,,,,,,,,,,,,,,,,
,导航,导航模式,AI助手,1.位于眼镜端首页,1.语音指令：“数据栏中的数据”,Hi rokid，骑行导航到kfc,"1.开始导航
2.同时tts播报“骑行导航已开始”",,,,徐锦樑,,NP,,,,,,,,,,,,,,,,,,,,,,,,,,,,,,,,,
,导航,导航模式,AI助手,1.位于眼镜端首页,1.语音指令：“数据栏中的数据”,Hi rokid，驾车导航到kfc,"1.开始导航
2.同时tts播报“导航已开始”",,,,徐锦樑,,pass,,,,,,,,,,,,,,,,,,,,,,,,,,,,,,,,,
,导航,导航模式,AI助手,处于导航中状态,1.语音指令：“数据栏中的数据”,Hi rokid，退出导航,"1.眼镜底部显示AI对话框
2.退出导航
3.同时tts播报“导航已退出”",,,,徐锦樑,,pass,,,,,,,,,,,,,,,,,,,,,,,,,,,,,,,,,
,导航,导航模式,AI助手,处于导航中状态,1.语音指令：“数据栏中的数据”,Hi rokid，修改目的地为浙江大学,"1.眼镜底部显示AI对话框
2.修改目的地，重新导航
3.同时tts播报“已重新导航到kfc”",,,,徐锦樑,,pass,,,,,,,,,,,,,,,,,,,,,,,,,,,,,,,,,
,导航,导航模式,AI助手,处于导航中状态,1.语音指令：“数据栏中的数据”,Hi rokid，修改驾车,"1.眼镜底部显示AI对话框
2.出行方式修改为驾车模式并重新开始导航
3.同时tts播报“导航已开始”",,,,徐锦樑,,pass,,,,,,,,,,,,,,,,,,,,,,,,,,,,,,,,,
,导航,导航模式,AI助手,处于导航中状态,1.语音指令：“数据栏中的数据”,Hi rokid，修改步行,"1.眼镜底部显示AI对话框
2.出行方式修改为步行模式并重新开始导航
3.同时tts播报“步行导航已开始”",,,,徐锦樑,,pass,,,,,,,,,,,,,,,,,,,,,,,,,,,,,,,,,
,导航,导航模式,AI助手,处于导航中状态,1.语音指令：“数据栏中的数据”,Hi rokid，修改骑行,"1.眼镜底部显示AI对话框
2.出行方式修改为骑行模式并重新开始导航
3.同时tts播报“骑行导航已开始”",,,,徐锦樑,,NP,,,,,,,,,,,,,,,,,,,,,,,,,,,,,,,,,
,导航,导航模式,周边搜索（1.0暂时不上）,1.位于眼镜端首页,1.语音指令：“数据栏中的数据”,Hi rokid，导航到附近餐厅,导航到最近的餐厅,,,,徐锦樑,,"fail
无法导航",,,,,,,,,,,,,,,,,,,,,,,,,,,,,,,,,
,导航,导航模式,AI助手,1.位于眼镜端首页,1.语音指令：“数据栏中的数据”,HI rokid，导航到最近的kfc,导航到最近的kfc,,,,徐锦樑,,pass,,,,,,,,,,,,,,,,,,,,,,,,,,,,,,,,,
,导航,导航模式,耦合场景,处于导航中状态,1.唤起乐奇,,眼镜底部显示AI对话框,,,,徐锦樑,,pass,,,,,,,,,,,,,,,,,,,,,,,,,,,,,,,,,
,导航,导航模式,耦合场景,处于导航中状态,"1.唤起乐奇
2进行数据栏中的操作",等待5s,"1.眼镜底部显示AI对话框
2.AI自动退出",,,,徐锦樑,,pass,,,,,,,,,,,,,,,,,,,,,,,,,,,,,,,,,
,导航,导航模式,耦合场景,处于导航中状态,"1.唤起乐奇
2.进行数据栏中的操作",双击触摸板,"1.眼镜底部显示AI对话框
2.AI退出",,,,徐锦樑,,pass,,,,,,,,,,,,,,,,,,,,,,,,,,,,,,,,,
,导航,导航模式,耦合场景,处于导航中状态,"1.唤起乐奇
2.进行数据栏中的操作",语音指令：拍照,"1.底部显示对话框
2.拍照成功",,,,徐锦樑,,pass,,,,,,,,,,,,,,,,,,,,,,,,,,,,,,,,,
,导航,导航模式,耦合场景,处于导航中状态,1.进行数据栏中的操作,单击拍照键,1.拍照成功,,,,徐锦樑,,pass,,,,,,,,,,,,,,,,,,,,,,,,,,,,,,,,,
,导航,导航模式,耦合场景,处于导航中状态,"1.唤起乐奇
2.进行数据栏中的操作",语音指令：“开始录像”,"1.底部显示对话框
2.进入共存态：录像进入后台，导航页面保留，导航无声音",,,,徐锦樑,,pass,,,,,,,,,,,,,,,,,,,,,,,,,,,,,,,,,
,导航,导航模式,耦合场景,处于导航中状态,"1.唤起乐奇
2.语音指令：开始录像
3.进行数据栏中的操作",语音指令：“退出录像”,"1.底部显示对话框
2.录像退出，导航声音恢复",,,,徐锦樑,,pass,,,,,,,,,,,,,,,,,,,,,,,,,,,,,,,,,
,导航,导航模式,耦合场景,处于导航中状态,"1.唤起乐奇
2.语音指令：开始录像
3.进行数据栏中的操作",双击退出录像,"1.底部显示对话框
2.录像退出，导航声音恢复",,,,徐锦樑,,pass,,,,,,,,,,,,,,,,,,,,,,,,,,,,,,,,,
,导航,导航模式,耦合场景,处于导航中状态,1.进行数据栏中的操作,长按拍照键录像,"1.底部显示对话框
2.进入共存态：录像进入后台，导航页面保留，导航无声音",,,,徐锦樑,,pass,,,,,,,,,,,,,,,,,,,,,,,,,,,,,,,,,
,导航,导航模式,耦合场景,处于导航中状态,"1.唤起乐奇
2.进行数据栏中的操作",语音指令：“开始录音”,"1.底部显示对话框
2.进入共存态：录像进入后台，导航页面保留，导航无声音",,,,徐锦樑,,pass,,,,,,,,,,,,,,,,,,,,,,,,,,,,,,,,,
,导航,导航模式,耦合场景,处于导航中状态,"1.唤起乐奇
2.语音指令：开始录像
3.进行数据栏中的操作",语音指令：“退出录音”,"1.底部显示对话框
2.录音退出，导航声音恢复",,,,徐锦樑,,pass,,,,,,,,,,,,,,,,,,,,,,,,,,,,,,,,,
,导航,导航模式,耦合场景,处于导航中状态,"1.唤起乐奇
2.语音指令：开始录像
3.进行数据栏中的操作",双击退出录音,"1.底部显示对话框
2.录音退出，导航声音恢复",,,,徐锦樑,,pass,,,,,,,,,,,,,,,,,,,,,,,,,,,,,,,,,
,导航,导航模式,耦合场景,处于导航中状态,1.进行数据栏中的操作,长按拍照键录音,"1.底部显示对话框
2.进入共存态：录音进入后台，导航页面保留，导航无声音",,,,徐锦樑,,pass,,,,,,,,,,,,,,,,,,,,,,,,,,,,,,,,,
,导航,导航模式,耦合场景,处于导航中状态,"1.唤起乐奇
2.进行数据栏中的操作",语音指令：“播放音乐”,"1.底部显示音乐播放条
2.进入共存态
3.当导航tts播报时，音乐声音被压制",,,,徐锦樑,,pass,,,,,,,,,,,,,,,,,,,,,,,,,,,,,,,,,
,导航,导航模式,耦合场景,处于导航中状态,"1.唤起乐奇
2.语音指令：“播放音乐”
3.进行数据栏中的操作",语音指令：“停止播放”,"1.底部显示对话框
2.音乐退出",,,,徐锦樑,,pass,,,,,,,,,,,,,,,,,,,,,,,,,,,,,,,,,
,导航,导航模式,耦合场景,处于导航中状态,"1.唤起乐奇
2.语音指令：“播放音乐”
3.进行数据栏中的操作",单击停止播放,1.音乐退出,,,,徐锦樑,,pass,,,,,,,,,,,,,,,,,,,,,,,,,,,,,,,,,
,导航,导航模式,耦合场景,处于导航中状态,1.进行数据栏中的操作,单击播放音乐,"1.底部显示音乐播放条
2.进入共存态
3.当导航tts播报时，音乐声音被压制",,,,徐锦樑,,pass,,,,,,,,,,,,,,,,,,,,,,,,,,,,,,,,,
,导航,导航模式,耦合场景,处于导航中状态,1.观察拨号电话进来的状态,,"电话进来，进入请求态，画面被遮住
",,,,徐锦樑,,,,,,,,,,,,,,,,,,,,,,,,,,,,,,,,,,,
,导航,导航模式,耦合场景,处于导航中状态,"1.等待拨号电话进来
2.单击接听",,"1.电话接通，进入共存态
2.电话进入后台，导航保留画面、没声音
（压制或是静音待测试）",,,,徐锦樑,,,,,,,,,,,,,,,,,,,,,,,,,,,,,,,,,,,
,导航,导航模式,耦合场景,处于导航中状态,"1.等待拨号电话进来
2.单击接听
3.单击禁麦",,1.电话禁用麦克风,,,,徐锦樑,,,,,,,,,,,,,,,,,,,,,,,,,,,,,,,,,,,
,导航,导航模式,耦合场景,处于导航中状态,"1.等待拨号电话进来
2.单击接听
3.单击禁麦后再次单击",,1.电话开启麦克风,,,,徐锦樑,,,,,,,,,,,,,,,,,,,,,,,,,,,,,,,,,,,
,导航,导航模式,耦合场景,处于导航中状态,"1.等待拨号电话进来
2.单击接听
3.双击挂断",,电话挂断，导航声音恢复,,,,徐锦樑,,,,,,,,,,,,,,,,,,,,,,,,,,,,,,,,,,,
,导航,导航模式,耦合场景,处于导航中状态,1.观察普通电话进来的状态,,"电话进来，进入请求态，画面被遮住",,,,徐锦樑,,,,,,,,,,,,,,,,,,,,,,,,,,,,,,,,,,,
,导航,导航模式,耦合场景,处于导航中状态,"1.等待普通电话进来
2.单击接听",,"1.电话接通，进入共存态
2.电话进入后台，导航保留画面、没声音",,,,徐锦樑,,,,,,,,,,,,,,,,,,,,,,,,,,,,,,,,,,,
,导航,导航模式,耦合场景,处于导航中状态,"1.等待拨号电话进来
2.单击接听
3.单击禁麦",,1.电话禁用麦克风,,,,徐锦樑,,,,,,,,,,,,,,,,,,,,,,,,,,,,,,,,,,,
,导航,导航模式,耦合场景,处于导航中状态,"1.等待拨号电话进来
2.单击接听
3.单击禁麦后再次单击",,1.电话开启麦克风,,,,徐锦樑,,,,,,,,,,,,,,,,,,,,,,,,,,,,,,,,,,,
,导航,导航模式,耦合场景,处于导航中状态,"1.等待普通电话进来
2.单击接听
3.双击挂断",,电话挂断，导航不恢复,,,,徐锦樑,,,,,,,,,,,,,,,,,,,,,,,,,,,,,,,,,,,
,导航,导航模式,耦合场景,处于驾车导航中状态,"1.在某一个车道掉头
2.查看眼镜端的路线规划
3.查看手机端的路线规划",,"1.掉头后，眼镜端tts会进行播报新路线
2.眼镜端路线指引会立即更改
3.手机端重新进行路线规划
4.手机端的方向指引箭头会立刻指向当前方向",最小用例,,,徐锦樑,,,,,,,,,,,,,,,,,,,,,,,,,,,,,,,,,,,
,导航,导航模式,耦合场景,处于步行导航中状态,"1.步行导航时突然掉头向反方向行走
2.查看眼镜端的路线规划
3.查看手机端的路线规划",,"1.掉头后，眼镜端tts会进行播报新路线
2.眼镜端路线指引会立即更改
3.手机端重新进行路线规划
4.手机端的方向指引箭头会立刻指向当前方向",最小用例,,,徐锦樑,,,,,,,,,,,,,,,,,,,,,,,,,,,,,,,,,,,
,导航,导航模式,耦合场景,处于导航中状态,1.进行数据栏中的操作,语音指令：打开提词器,"1.底部显示对话框
2.导航结束并关闭，提词器打开",,,,徐锦樑,,pass,,,,,,,,,,,,,,,,,,,,,,,,,,,,,,,,,
,导航,导航模式,耦合场景,处于导航中状态,1.进行数据栏中的操作,语音指令：打开翻译,"1.底部显示对话框
2.导航结束并关闭，翻译打开",,,,徐锦樑,,pass,,,,,,,,,,,,,,,,,,,,,,,,,,,,,,,,,
,导航,导航模式,耦合场景,处于导航中状态,1.进行数据栏中的操作,语音指令：打开歌词,"1.底部显示对话框
2.导航结束并关闭，歌词打开",,,,徐锦樑,,pass,,,,,,,,,,,,,,,,,,,,,,,,,,,,,,,,,
,导航,导航模式,耦合场景,处于导航中状态,1.进行数据栏中的操作,语音指令：帮我看看前面,"1.底部显示对话框
2.导航不受影响，视觉AI没有拍照显示过程，结果正常回复",,,,徐锦樑,,pass,,,,,,,,,,,,,,,,,,,,,,,,,,,,,,,,,
,导航,导航模式,用户场景,处于google地图范围外,1.进行数据栏中的操作,语音指令：导航到餐厅,1.眼镜提示不在导航服务范围内,,,,徐锦樑,,NP,,,,,,,,,,,,,,,,,,,,,,,,,,,,,,,,,
,导航,导航模式,异常场景,导航中处于糟糕网络环境,1.导航中断网,,"1.toast&tts提示“网络连接异常，请检查手机连接”
2.画面停止更新",,,,徐锦樑,,"fail
没有无网提示",,,,,,,,,,,,,,,,,,,,,,,,,,,,,,,,,
,导航,导航模式,异常场景,导航中状态,1.不按照预期路线前行,,重新规划路线开始导航,,,,徐锦樑,,pass,,,,,,,,,,,,,,,,,,,,,,,,,,,,,,,,,
,导航,导航模式,异常场景,处于眼镜端主页,1.进行数据栏中的操作,语音指令：乐奇导航到TFC,提示搜索不到目的地,,,,徐锦樑,,pass,,,,,,,,,,,,,,,,,,,,,,,,,,,,,,,,,
,导航,导航模式,异常场景,处于地图界面,"1.点击搜索框
2.输入地点",,"1.提示无网
2.无法跳转路线规划",,,,徐锦樑,,pass,,,,,,,,,,,,,,,,,,,,,,,,,,,,,,,,,
,导航,导航模式,异常场景,处于地图界面,"1.点击搜索框
2.选择历史地点",,"1.提示无网
2.无法跳转路线规划",,,,徐锦樑,,pass,,,,,,,,,,,,,,,,,,,,,,,,,,,,,,,,,
,,,,,,,,,,,,,,,,,,,,,,,,,,,,,,,,,,,,,,,,,,,,,,
,,,,,,,,,,,,,,,,,,,,,,,,,,,,,,,,,,,,,,,,,,,,,,
,,,,,,,,,,,,,,,,,,,,,,,,,,,,,,,,,,,,,,,,,,,,,,
,,,,,,,,,,,,,,,,,,,,,,,,,,,,,,,,,,,,,,,,,,,,,,
,,,,,,,,,,,,,,,,,,,,,,,,,,,,,,,,,,,,,,,,,,,,,,
,,,,,,,,,,,,,,,,,,,,,,,,,,,,,,,,,,,,,,,,,,,,,,
,,,,,,,,,,,,,,,,,,,,,,,,,,,,,,,,,,,,,,,,,,,,,,
,,,,,,,,,,,,,,,,,,,,,,,,,,,,,,,,,,,,,,,,,,,,,,
,,,,,,,,,,,,,,,,,,,,,,,,,,,,,,,,,,,,,,,,,,,,,,
,,,,,,,,,,,,,,,,,,,,,,,,,,,,,,,,,,,,,,,,,,,,,,
,,,,,,,,,,,,,,,,,,,,,,,,,,,,,,,,,,,,,,,,,,,,,,
,,,,,,,,,,,,,,,,,,,,,,,,,,,,,,,,,,,,,,,,,,,,,,
,,,,,,,,,,,,,,,,,,,,,,,,,,,,,,,,,,,,,,,,,,,,,,
,,,,,,,,,,,,,,,,,,,,,,,,,,,,,,,,,,,,,,,,,,,,,,
,,,,,,,,,,,,,,,,,,,,,,,,,,,,,,,,,,,,,,,,,,,,,,
,,,,,,,,,,,,,,,,,,,,,,,,,,,,,,,,,,,,,,,,,,,,,,
,,,,,,,,,,,,,,,,,,,,,,,,,,,,,,,,,,,,,,,,,,,,,,
,,,,,,,,,,,,,,,,,,,,,,,,,,,,,,,,,,,,,,,,,,,,,,
,,,,,,,,,,,,,,,,,,,,,,,,,,,,,,,,,,,,,,,,,,,,,,
,,,,,,,,,,,,,,,,,,,,,,,,,,,,,,,,,,,,,,,,,,,,,,
,,,,,,,,,,,,,,,,,,,,,,,,,,,,,,,,,,,,,,,,,,,,,,
,,,,,,,,,,,,,,,,,,,,,,,,,,,,,,,,,,,,,,,,,,,,,,
,,,,,,,,,,,,,,,,,,,,,,,,,,,,,,,,,,,,,,,,,,,,,,
,,,,,,,,,,,,,,,,,,,,,,,,,,,,,,,,,,,,,,,,,,,,,,
,,,,,,,,,,,,,,,,,,,,,,,,,,,,,,,,,,,,,,,,,,,,,,
,,,,,,,,,,,,,,,,,,,,,,,,,,,,,,,,,,,,,,,,,,,,,,
,,,,,,,,,,,,,,,,,,,,,,,,,,,,,,,,,,,,,,,,,,,,,,
,,,,,,,,,,,,,,,,,,,,,,,,,,,,,,,,,,,,,,,,,,,,,,
,,,,,,,,,,,,,,,,,,,,,,,,,,,,,,,,,,,,,,,,,,,,,,
,,,,,,,,,,,,,,,,,,,,,,,,,,,,,,,,,,,,,,,,,,,,,,
,,,,,,,,,,,,,,,,,,,,,,,,,,,,,,,,,,,,,,,,,,,,,,
,,,,,,,,,,,,,,,,,,,,,,,,,,,,,,,,,,,,,,,,,,,,,,
,,,,,,,,,,,,,,,,,,,,,,,,,,,,,,,,,,,,,,,,,,,,,,
,,,,,,,,,,,,,,,,,,,,,,,,,,,,,,,,,,,,,,,,,,,,,,
,,,,,,,,,,,,,,,,,,,,,,,,,,,,,,,,,,,,,,,,,,,,,,
,,,,,,,,,,,,,,,,,,,,,,,,,,,,,,,,,,,,,,,,,,,,,,
,,,,,,,,,,,,,,,,,,,,,,,,,,,,,,,,,,,,,,,,,,,,,,
,,,,,,,,,,,,,,,,,,,,,,,,,,,,,,,,,,,,,,,,,,,,,,
,,,,,,,,,,,,,,,,,,,,,,,,,,,,,,,,,,,,,,,,,,,,,,
,,,,,,,,,,,,,,,,,,,,,,,,,,,,,,,,,,,,,,,,,,,,,,
,,,,,,,,,,,,,,,,,,,,,,,,,,,,,,,,,,,,,,,,,,,,,,
,,,,,,,,,,,,,,,,,,,,,,,,,,,,,,,,,,,,,,,,,,,,,,
,,,,,,,,,,,,,,,,,,,,,,,,,,,,,,,,,,,,,,,,,,,,,,
,,,,,,,,,,,,,,,,,,,,,,,,,,,,,,,,,,,,,,,,,,,,,,
,,,,,,,,,,,,,,,,,,,,,,,,,,,,,,,,,,,,,,,,,,,,,,
,,,,,,,,,,,,,,,,,,,,,,,,,,,,,,,,,,,,,,,,,,,,,,
,,,,,,,,,,,,,,,,,,,,,,,,,,,,,,,,,,,,,,,,,,,,,,
,,,,,,,,,,,,,,,,,,,,,,,,,,,,,,,,,,,,,,,,,,,,,,
,,,,,,,,,,,,,,,,,,,,,,,,,,,,,,,,,,,,,,,,,,,,,,
,,,,,,,,,,,,,,,,,,,,,,,,,,,,,,,,,,,,,,,,,,,,,,
,,,,,,,,,,,,,,,,,,,,,,,,,,,,,,,,,,,,,,,,,,,,,,
,,,,,,,,,,,,,,,,,,,,,,,,,,,,,,,,,,,,,,,,,,,,,,
,,,,,,,,,,,,,,,,,,,,,,,,,,,,,,,,,,,,,,,,,,,,,,
,,,,,,,,,,,,,,,,,,,,,,,,,,,,,,,,,,,,,,,,,,,,,,
,,,,,,,,,,,,,,,,,,,,,,,,,,,,,,,,,,,,,,,,,,,,,,
,,,,,,,,,,,,,,,,,,,,,,,,,,,,,,,,,,,,,,,,,,,,,,
,,,,,,,,,,,,,,,,,,,,,,,,,,,,,,,,,,,,,,,,,,,,,,
,,,,,,,,,,,,,,,,,,,,,,,,,,,,,,,,,,,,,,,,,,,,,,
,,,,,,,,,,,,,,,,,,,,,,,,,,,,,,,,,,,,,,,,,,,,,,
,,,,,,,,,,,,,,,,,,,,,,,,,,,,,,,,,,,,,,,,,,,,,,
,,,,,,,,,,,,,,,,,,,,,,,,,,,,,,,,,,,,,,,,,,,,,,
,,,,,,,,,,,,,,,,,,,,,,,,,,,,,,,,,,,,,,,,,,,,,,
,,,,,,,,,,,,,,,,,,,,,,,,,,,,,,,,,,,,,,,,,,,,,,
,,,,,,,,,,,,,,,,,,,,,,,,,,,,,,,,,,,,,,,,,,,,,,
,,,,,,,,,,,,,,,,,,,,,,,,,,,,,,,,,,,,,,,,,,,,,,
,,,,,,,,,,,,,,,,,,,,,,,,,,,,,,,,,,,,,,,,,,,,,,
,,,,,,,,,,,,,,,,,,,,,,,,,,,,,,,,,,,,,,,,,,,,,,
,,,,,,,,,,,,,,,,,,,,,,,,,,,,,,,,,,,,,,,,,,,,,,
,,,,,,,,,,,,,,,,,,,,,,,,,,,,,,,,,,,,,,,,,,,,,,
,,,,,,,,,,,,,,,,,,,,,,,,,,,,,,,,,,,,,,,,,,,,,,
,,,,,,,,,,,,,,,,,,,,,,,,,,,,,,,,,,,,,,,,,,,,,,
,,,,,,,,,,,,,,,,,,,,,,,,,,,,,,,,,,,,,,,,,,,,,,
,,,,,,,,,,,,,,,,,,,,,,,,,,,,,,,,,,,,,,,,,,,,,,
,,,,,,,,,,,,,,,,,,,,,,,,,,,,,,,,,,,,,,,,,,,,,,
,,,,,,,,,,,,,,,,,,,,,,,,,,,,,,,,,,,,,,,,,,,,,,
,,,,,,,,,,,,,,,,,,,,,,,,,,,,,,,,,,,,,,,,,,,,,,
,,,,,,,,,,,,,,,,,,,,,,,,,,,,,,,,,,,,,,,,,,,,,,
,,,,,,,,,,,,,,,,,,,,,,,,,,,,,,,,,,,,,,,,,,,,,,
,,,,,,,,,,,,,,,,,,,,,,,,,,,,,,,,,,,,,,,,,,,,,,
,,,,,,,,,,,,,,,,,,,,,,,,,,,,,,,,,,,,,,,,,,,,,,
,,,,,,,,,,,,,,,,,,,,,,,,,,,,,,,,,,,,,,,,,,,,,,
,,,,,,,,,,,,,,,,,,,,,,,,,,,,,,,,,,,,,,,,,,,,,,
,,,,,,,,,,,,,,,,,,,,,,,,,,,,,,,,,,,,,,,,,,,,,,
,,,,,,,,,,,,,,,,,,,,,,,,,,,,,,,,,,,,,,,,,,,,,,
,,,,,,,,,,,,,,,,,,,,,,,,,,,,,,,,,,,,,,,,,,,,,,
,,,,,,,,,,,,,,,,,,,,,,,,,,,,,,,,,,,,,,,,,,,,,,
,,,,,,,,,,,,,,,,,,,,,,,,,,,,,,,,,,,,,,,,,,,,,,
,,,,,,,,,,,,,,,,,,,,,,,,,,,,,,,,,,,,,,,,,,,,,,
,,,,,,,,,,,,,,,,,,,,,,,,,,,,,,,,,,,,,,,,,,,,,,
,,,,,,,,,,,,,,,,,,,,,,,,,,,,,,,,,,,,,,,,,,,,,,
,,,,,,,,,,,,,,,,,,,,,,,,,,,,,,,,,,,,,,,,,,,,,,
,,,,,,,,,,,,,,,,,,,,,,,,,,,,,,,,,,,,,,,,,,,,,,
,,,,,,,,,,,,,,,,,,,,,,,,,,,,,,,,,,,,,,,,,,,,,,
,,,,,,,,,,,,,,,,,,,,,,,,,,,,,,,,,,,,,,,,,,,,,,
,,,,,,,,,,,,,,,,,,,,,,,,,,,,,,,,,,,,,,,,,,,,,,
,,,,,,,,,,,,,,,,,,,,,,,,,,,,,,,,,,,,,,,,,,,,,,
,,,,,,,,,,,,,,,,,,,,,,,,,,,,,,,,,,,,,,,,,,,,,,
,,,,,,,,,,,,,,,,,,,,,,,,,,,,,,,,,,,,,,,,,,,,,,
,,,,,,,,,,,,,,,,,,,,,,,,,,,,,,,,,,,,,,,,,,,,,,
,,,,,,,,,,,,,,,,,,,,,,,,,,,,,,,,,,,,,,,,,,,,,,
,,,,,,,,,,,,,,,,,,,,,,,,,,,,,,,,,,,,,,,,,,,,,,
,,,,,,,,,,,,,,,,,,,,,,,,,,,,,,,,,,,,,,,,,,,,,,
,,,,,,,,,,,,,,,,,,,,,,,,,,,,,,,,,,,,,,,,,,,,,,
,,,,,,,,,,,,,,,,,,,,,,,,,,,,,,,,,,,,,,,,,,,,,,
,,,,,,,,,,,,,,,,,,,,,,,,,,,,,,,,,,,,,,,,,,,,,,
,,,,,,,,,,,,,,,,,,,,,,,,,,,,,,,,,,,,,,,,,,,,,,
,,,,,,,,,,,,,,,,,,,,,,,,,,,,,,,,,,,,,,,,,,,,,,
,,,,,,,,,,,,,,,,,,,,,,,,,,,,,,,,,,,,,,,,,,,,,,
,,,,,,,,,,,,,,,,,,,,,,,,,,,,,,,,,,,,,,,,,,,,,,
,,,,,,,,,,,,,,,,,,,,,,,,,,,,,,,,,,,,,,,,,,,,,,
,,,,,,,,,,,,,,,,,,,,,,,,,,,,,,,,,,,,,,,,,,,,,,
,,,,,,,,,,,,,,,,,,,,,,,,,,,,,,,,,,,,,,,,,,,,,,
,,,,,,,,,,,,,,,,,,,,,,,,,,,,,,,,,,,,,,,,,,,,,,
,,,,,,,,,,,,,,,,,,,,,,,,,,,,,,,,,,,,,,,,,,,,,,
,,,,,,,,,,,,,,,,,,,,,,,,,,,,,,,,,,,,,,,,,,,,,,
,,,,,,,,,,,,,,,,,,,,,,,,,,,,,,,,,,,,,,,,,,,,,,
,,,,,,,,,,,,,,,,,,,,,,,,,,,,,,,,,,,,,,,,,,,,,,
,,,,,,,,,,,,,,,,,,,,,,,,,,,,,,,,,,,,,,,,,,,,,,
,,,,,,,,,,,,,,,,,,,,,,,,,,,,,,,,,,,,,,,,,,,,,,
,,,,,,,,,,,,,,,,,,,,,,,,,,,,,,,,,,,,,,,,,,,,,,
,,,,,,,,,,,,,,,,,,,,,,,,,,,,,,,,,,,,,,,,,,,,,,
,,,,,,,,,,,,,,,,,,,,,,,,,,,,,,,,,,,,,,,,,,,,,,
,,,,,,,,,,,,,,,,,,,,,,,,,,,,,,,,,,,,,,,,,,,,,,
,,,,,,,,,,,,,,,,,,,,,,,,,,,,,,,,,,,,,,,,,,,,,,
,,,,,,,,,,,,,,,,,,,,,,,,,,,,,,,,,,,,,,,,,,,,,,
,,,,,,,,,,,,,,,,,,,,,,,,,,,,,,,,,,,,,,,,,,,,,,
,,,,,,,,,,,,,,,,,,,,,,,,,,,,,,,,,,,,,,,,,,,,,,
,,,,,,,,,,,,,,,,,,,,,,,,,,,,,,,,,,,,,,,,,,,,,,
,,,,,,,,,,,,,,,,,,,,,,,,,,,,,,,,,,,,,,,,,,,,,,
,,,,,,,,,,,,,,,,,,,,,,,,,,,,,,,,,,,,,,,,,,,,,,
,,,,,,,,,,,,,,,,,,,,,,,,,,,,,,,,,,,,,,,,,,,,,,
,,,,,,,,,,,,,,,,,,,,,,,,,,,,,,,,,,,,,,,,,,,,,,
,,,,,,,,,,,,,,,,,,,,,,,,,,,,,,,,,,,,,,,,,,,,,,
,,,,,,,,,,,,,,,,,,,,,,,,,,,,,,,,,,,,,,,,,,,,,,
,,,,,,,,,,,,,,,,,,,,,,,,,,,,,,,,,,,,,,,,,,,,,,
,,,,,,,,,,,,,,,,,,,,,,,,,,,,,,,,,,,,,,,,,,,,,,
,,,,,,,,,,,,,,,,,,,,,,,,,,,,,,,,,,,,,,,,,,,,,,
,,,,,,,,,,,,,,,,,,,,,,,,,,,,,,,,,,,,,,,,,,,,,,
,,,,,,,,,,,,,,,,,,,,,,,,,,,,,,,,,,,,,,,,,,,,,,
,,,,,,,,,,,,,,,,,,,,,,,,,,,,,,,,,,,,,,,,,,,,,,
,,,,,,,,,,,,,,,,,,,,,,,,,,,,,,,,,,,,,,,,,,,,,,
,,,,,,,,,,,,,,,,,,,,,,,,,,,,,,,,,,,,,,,,,,,,,,
,,,,,,,,,,,,,,,,,,,,,,,,,,,,,,,,,,,,,,,,,,,,,,
,,,,,,,,,,,,,,,,,,,,,,,,,,,,,,,,,,,,,,,,,,,,,,
,,,,,,,,,,,,,,,,,,,,,,,,,,,,,,,,,,,,,,,,,,,,,,
,,,,,,,,,,,,,,,,,,,,,,,,,,,,,,,,,,,,,,,,,,,,,,
,,,,,,,,,,,,,,,,,,,,,,,,,,,,,,,,,,,,,,,,,,,,,,
,,,,,,,,,,,,,,,,,,,,,,,,,,,,,,,,,,,,,,,,,,,,,,
,,,,,,,,,,,,,,,,,,,,,,,,,,,,,,,,,,,,,,,,,,,,,,
,,,,,,,,,,,,,,,,,,,,,,,,,,,,,,,,,,,,,,,,,,,,,,
,,,,,,,,,,,,,,,,,,,,,,,,,,,,,,,,,,,,,,,,,,,,,,
,,,,,,,,,,,,,,,,,,,,,,,,,,,,,,,,,,,,,,,,,,,,,,
,,,,,,,,,,,,,,,,,,,,,,,,,,,,,,,,,,,,,,,,,,,,,,
,,,,,,,,,,,,,,,,,,,,,,,,,,,,,,,,,,,,,,,,,,,,,,
,,,,,,,,,,,,,,,,,,,,,,,,,,,,,,,,,,,,,,,,,,,,,,
,,,,,,,,,,,,,,,,,,,,,,,,,,,,,,,,,,,,,,,,,,,,,,
,,,,,,,,,,,,,,,,,,,,,,,,,,,,,,,,,,,,,,,,,,,,,,
,,,,,,,,,,,,,,,,,,,,,,,,,,,,,,,,,,,,,,,,,,,,,,
,,,,,,,,,,,,,,,,,,,,,,,,,,,,,,,,,,,,,,,,,,,,,,
,,,,,,,,,,,,,,,,,,,,,,,,,,,,,,,,,,,,,,,,,,,,,,
,,,,,,,,,,,,,,,,,,,,,,,,,,,,,,,,,,,,,,,,,,,,,,
,,,,,,,,,,,,,,,,,,,,,,,,,,,,,,,,,,,,,,,,,,,,,,
,,,,,,,,,,,,,,,,,,,,,,,,,,,,,,,,,,,,,,,,,,,,,,
,,,,,,,,,,,,,,,,,,,,,,,,,,,,,,,,,,,,,,,,,,,,,,
,,,,,,,,,,,,,,,,,,,,,,,,,,,,,,,,,,,,,,,,,,,,,,
,,,,,,,,,,,,,,,,,,,,,,,,,,,,,,,,,,,,,,,,,,,,,,
,,,,,,,,,,,,,,,,,,,,,,,,,,,,,,,,,,,,,,,,,,,,,,
,,,,,,,,,,,,,,,,,,,,,,,,,,,,,,,,,,,,,,,,,,,,,,
,,,,,,,,,,,,,,,,,,,,,,,,,,,,,,,,,,,,,,,,,,,,,,
,,,,,,,,,,,,,,,,,,,,,,,,,,,,,,,,,,,,,,,,,,,,,,
,,,,,,,,,,,,,,,,,,,,,,,,,,,,,,,,,,,,,,,,,,,,,,
,,,,,,,,,,,,,,,,,,,,,,,,,,,,,,,,,,,,,,,,,,,,,,
,,,,,,,,,,,,,,,,,,,,,,,,,,,,,,,,,,,,,,,,,,,,,,
,,,,,,,,,,,,,,,,,,,,,,,,,,,,,,,,,,,,,,,,,,,,,,
,,,,,,,,,,,,,,,,,,,,,,,,,,,,,,,,,,,,,,,,,,,,,,
,,,,,,,,,,,,,,,,,,,,,,,,,,,,,,,,,,,,,,,,,,,,,,
,,,,,,,,,,,,,,,,,,,,,,,,,,,,,,,,,,,,,,,,,,,,,,
,,,,,,,,,,,,,,,,,,,,,,,,,,,,,,,,,,,,,,,,,,,,,,
,,,,,,,,,,,,,,,,,,,,,,,,,,,,,,,,,,,,,,,,,,,,,,
,,,,,,,,,,,,,,,,,,,,,,,,,,,,,,,,,,,,,,,,,,,,,,
,,,,,,,,,,,,,,,,,,,,,,,,,,,,,,,,,,,,,,,,,,,,,,
,,,,,,,,,,,,,,,,,,,,,,,,,,,,,,,,,,,,,,,,,,,,,,
,,,,,,,,,,,,,,,,,,,,,,,,,,,,,,,,,,,,,,,,,,,,,,
,,,,,,,,,,,,,,,,,,,,,,,,,,,,,,,,,,,,,,,,,,,,,,
,,,,,,,,,,,,,,,,,,,,,,,,,,,,,,,,,,,,,,,,,,,,,,
,,,,,,,,,,,,,,,,,,,,,,,,,,,,,,,,,,,,,,,,,,,,,,
,,,,,,,,,,,,,,,,,,,,,,,,,,,,,,,,,,,,,,,,,,,,,,
,,,,,,,,,,,,,,,,,,,,,,,,,,,,,,,,,,,,,,,,,,,,,,
,,,,,,,,,,,,,,,,,,,,,,,,,,,,,,,,,,,,,,,,,,,,,,
,,,,,,,,,,,,,,,,,,,,,,,,,,,,,,,,,,,,,,,,,,,,,,
,,,,,,,,,,,,,,,,,,,,,,,,,,,,,,,,,,,,,,,,,,,,,,
,,,,,,,,,,,,,,,,,,,,,,,,,,,,,,,,,,,,,,,,,,,,,,
,,,,,,,,,,,,,,,,,,,,,,,,,,,,,,,,,,,,,,,,,,,,,,
,,,,,,,,,,,,,,,,,,,,,,,,,,,,,,,,,,,,,,,,,,,,,,
,,,,,,,,,,,,,,,,,,,,,,,,,,,,,,,,,,,,,,,,,,,,,,
,,,,,,,,,,,,,,,,,,,,,,,,,,,,,,,,,,,,,,,,,,,,,,
,,,,,,,,,,,,,,,,,,,,,,,,,,,,,,,,,,,,,,,,,,,,,,
,,,,,,,,,,,,,,,,,,,,,,,,,,,,,,,,,,,,,,,,,,,,,,
,,,,,,,,,,,,,,,,,,,,,,,,,,,,,,,,,,,,,,,,,,,,,,
,,,,,,,,,,,,,,,,,,,,,,,,,,,,,,,,,,,,,,,,,,,,,,
,,,,,,,,,,,,,,,,,,,,,,,,,,,,,,,,,,,,,,,,,,,,,,
,,,,,,,,,,,,,,,,,,,,,,,,,,,,,,,,,,,,,,,,,,,,,,
,,,,,,,,,,,,,,,,,,,,,,,,,,,,,,,,,,,,,,,,,,,,,,
,,,,,,,,,,,,,,,,,,,,,,,,,,,,,,,,,,,,,,,,,,,,,,
,,,,,,,,,,,,,,,,,,,,,,,,,,,,,,,,,,,,,,,,,,,,,,
,,,,,,,,,,,,,,,,,,,,,,,,,,,,,,,,,,,,,,,,,,,,,,
,,,,,,,,,,,,,,,,,,,,,,,,,,,,,,,,,,,,,,,,,,,,,,
,,,,,,,,,,,,,,,,,,,,,,,,,,,,,,,,,,,,,,,,,,,,,,
,,,,,,,,,,,,,,,,,,,,,,,,,,,,,,,,,,,,,,,,,,,,,,
,,,,,,,,,,,,,,,,,,,,,,,,,,,,,,,,,,,,,,,,,,,,,,
,,,,,,,,,,,,,,,,,,,,,,,,,,,,,,,,,,,,,,,,,,,,,,
,,,,,,,,,,,,,,,,,,,,,,,,,,,,,,,,,,,,,,,,,,,,,,
,,,,,,,,,,,,,,,,,,,,,,,,,,,,,,,,,,,,,,,,,,,,,,
,,,,,,,,,,,,,,,,,,,,,,,,,,,,,,,,,,,,,,,,,,,,,,
,,,,,,,,,,,,,,,,,,,,,,,,,,,,,,,,,,,,,,,,,,,,,,
,,,,,,,,,,,,,,,,,,,,,,,,,,,,,,,,,,,,,,,,,,,,,,
,,,,,,,,,,,,,,,,,,,,,,,,,,,,,,,,,,,,,,,,,,,,,,
,,,,,,,,,,,,,,,,,,,,,,,,,,,,,,,,,,,,,,,,,,,,,,
,,,,,,,,,,,,,,,,,,,,,,,,,,,,,,,,,,,,,,,,,,,,,,
,,,,,,,,,,,,,,,,,,,,,,,,,,,,,,,,,,,,,,,,,,,,,,
,,,,,,,,,,,,,,,,,,,,,,,,,,,,,,,,,,,,,,,,,,,,,,
,,,,,,,,,,,,,,,,,,,,,,,,,,,,,,,,,,,,,,,,,,,,,,
,,,,,,,,,,,,,,,,,,,,,,,,,,,,,,,,,,,,,,,,,,,,,,
,,,,,,,,,,,,,,,,,,,,,,,,,,,,,,,,,,,,,,,,,,,,,,
,,,,,,,,,,,,,,,,,,,,,,,,,,,,,,,,,,,,,,,,,,,,,,
,,,,,,,,,,,,,,,,,,,,,,,,,,,,,,,,,,,,,,,,,,,,,,
,,,,,,,,,,,,,,,,,,,,,,,,,,,,,,,,,,,,,,,,,,,,,,
,,,,,,,,,,,,,,,,,,,,,,,,,,,,,,,,,,,,,,,,,,,,,,
,,,,,,,,,,,,,,,,,,,,,,,,,,,,,,,,,,,,,,,,,,,,,,
,,,,,,,,,,,,,,,,,,,,,,,,,,,,,,,,,,,,,,,,,,,,,,
,,,,,,,,,,,,,,,,,,,,,,,,,,,,,,,,,,,,,,,,,,,,,,
,,,,,,,,,,,,,,,,,,,,,,,,,,,,,,,,,,,,,,,,,,,,,,
,,,,,,,,,,,,,,,,,,,,,,,,,,,,,,,,,,,,,,,,,,,,,,
,,,,,,,,,,,,,,,,,,,,,,,,,,,,,,,,,,,,,,,,,,,,,,
,,,,,,,,,,,,,,,,,,,,,,,,,,,,,,,,,,,,,,,,,,,,,,
,,,,,,,,,,,,,,,,,,,,,,,,,,,,,,,,,,,,,,,,,,,,,,
,,,,,,,,,,,,,,,,,,,,,,,,,,,,,,,,,,,,,,,,,,,,,,
,,,,,,,,,,,,,,,,,,,,,,,,,,,,,,,,,,,,,,,,,,,,,,
,,,,,,,,,,,,,,,,,,,,,,,,,,,,,,,,,,,,,,,,,,,,,,
,,,,,,,,,,,,,,,,,,,,,,,,,,,,,,,,,,,,,,,,,,,,,,
,,,,,,,,,,,,,,,,,,,,,,,,,,,,,,,,,,,,,,,,,,,,,,
,,,,,,,,,,,,,,,,,,,,,,,,,,,,,,,,,,,,,,,,,,,,,,
,,,,,,,,,,,,,,,,,,,,,,,,,,,,,,,,,,,,,,,,,,,,,,
,,,,,,,,,,,,,,,,,,,,,,,,,,,,,,,,,,,,,,,,,,,,,,
,,,,,,,,,,,,,,,,,,,,,,,,,,,,,,,,,,,,,,,,,,,,,,
,,,,,,,,,,,,,,,,,,,,,,,,,,,,,,,,,,,,,,,,,,,,,,
,,,,,,,,,,,,,,,,,,,,,,,,,,,,,,,,,,,,,,,,,,,,,,
,,,,,,,,,,,,,,,,,,,,,,,,,,,,,,,,,,,,,,,,,,,,,,
,,,,,,,,,,,,,,,,,,,,,,,,,,,,,,,,,,,,,,,,,,,,,,
,,,,,,,,,,,,,,,,,,,,,,,,,,,,,,,,,,,,,,,,,,,,,,
,,,,,,,,,,,,,,,,,,,,,,,,,,,,,,,,,,,,,,,,,,,,,,
,,,,,,,,,,,,,,,,,,,,,,,,,,,,,,,,,,,,,,,,,,,,,,
,,,,,,,,,,,,,,,,,,,,,,,,,,,,,,,,,,,,,,,,,,,,,,
,,,,,,,,,,,,,,,,,,,,,,,,,,,,,,,,,,,,,,,,,,,,,,
,,,,,,,,,,,,,,,,,,,,,,,,,,,,,,,,,,,,,,,,,,,,,,
,,,,,,,,,,,,,,,,,,,,,,,,,,,,,,,,,,,,,,,,,,,,,,
,,,,,,,,,,,,,,,,,,,,,,,,,,,,,,,,,,,,,,,,,,,,,,
,,,,,,,,,,,,,,,,,,,,,,,,,,,,,,,,,,,,,,,,,,,,,,
,,,,,,,,,,,,,,,,,,,,,,,,,,,,,,,,,,,,,,,,,,,,,,
,,,,,,,,,,,,,,,,,,,,,,,,,,,,,,,,,,,,,,,,,,,,,,
,,,,,,,,,,,,,,,,,,,,,,,,,,,,,,,,,,,,,,,,,,,,,,
,,,,,,,,,,,,,,,,,,,,,,,,,,,,,,,,,,,,,,,,,,,,,,
,,,,,,,,,,,,,,,,,,,,,,,,,,,,,,,,,,,,,,,,,,,,,,
,,,,,,,,,,,,,,,,,,,,,,,,,,,,,,,,,,,,,,,,,,,,,,
,,,,,,,,,,,,,,,,,,,,,,,,,,,,,,,,,,,,,,,,,,,,,,
,,,,,,,,,,,,,,,,,,,,,,,,,,,,,,,,,,,,,,,,,,,,,,
,,,,,,,,,,,,,,,,,,,,,,,,,,,,,,,,,,,,,,,,,,,,,,
,,,,,,,,,,,,,,,,,,,,,,,,,,,,,,,,,,,,,,,,,,,,,,
,,,,,,,,,,,,,,,,,,,,,,,,,,,,,,,,,,,,,,,,,,,,,,
,,,,,,,,,,,,,,,,,,,,,,,,,,,,,,,,,,,,,,,,,,,,,,
,,,,,,,,,,,,,,,,,,,,,,,,,,,,,,,,,,,,,,,,,,,,,,
,,,,,,,,,,,,,,,,,,,,,,,,,,,,,,,,,,,,,,,,,,,,,,
,,,,,,,,,,,,,,,,,,,,,,,,,,,,,,,,,,,,,,,,,,,,,,
,,,,,,,,,,,,,,,,,,,,,,,,,,,,,,,,,,,,,,,,,,,,,,
,,,,,,,,,,,,,,,,,,,,,,,,,,,,,,,,,,,,,,,,,,,,,,
,,,,,,,,,,,,,,,,,,,,,,,,,,,,,,,,,,,,,,,,,,,,,,
,,,,,,,,,,,,,,,,,,,,,,,,,,,,,,,,,,,,,,,,,,,,,,
,,,,,,,,,,,,,,,,,,,,,,,,,,,,,,,,,,,,,,,,,,,,,,
,,,,,,,,,,,,,,,,,,,,,,,,,,,,,,,,,,,,,,,,,,,,,,
,,,,,,,,,,,,,,,,,,,,,,,,,,,,,,,,,,,,,,,,,,,,,,
,,,,,,,,,,,,,,,,,,,,,,,,,,,,,,,,,,,,,,,,,,,,,,
,,,,,,,,,,,,,,,,,,,,,,,,,,,,,,,,,,,,,,,,,,,,,,
,,,,,,,,,,,,,,,,,,,,,,,,,,,,,,,,,,,,,,,,,,,,,,
,,,,,,,,,,,,,,,,,,,,,,,,,,,,,,,,,,,,,,,,,,,,,,
,,,,,,,,,,,,,,,,,,,,,,,,,,,,,,,,,,,,,,,,,,,,,,
,,,,,,,,,,,,,,,,,,,,,,,,,,,,,,,,,,,,,,,,,,,,,,
,,,,,,,,,,,,,,,,,,,,,,,,,,,,,,,,,,,,,,,,,,,,,,
,,,,,,,,,,,,,,,,,,,,,,,,,,,,,,,,,,,,,,,,,,,,,,
,,,,,,,,,,,,,,,,,,,,,,,,,,,,,,,,,,,,,,,,,,,,,,
,,,,,,,,,,,,,,,,,,,,,,,,,,,,,,,,,,,,,,,,,,,,,,
,,,,,,,,,,,,,,,,,,,,,,,,,,,,,,,,,,,,,,,,,,,,,,
,,,,,,,,,,,,,,,,,,,,,,,,,,,,,,,,,,,,,,,,,,,,,,
,,,,,,,,,,,,,,,,,,,,,,,,,,,,,,,,,,,,,,,,,,,,,,
,,,,,,,,,,,,,,,,,,,,,,,,,,,,,,,,,,,,,,,,,,,,,,
,,,,,,,,,,,,,,,,,,,,,,,,,,,,,,,,,,,,,,,,,,,,,,
,,,,,,,,,,,,,,,,,,,,,,,,,,,,,,,,,,,,,,,,,,,,,,
,,,,,,,,,,,,,,,,,,,,,,,,,,,,,,,,,,,,,,,,,,,,,,
,,,,,,,,,,,,,,,,,,,,,,,,,,,,,,,,,,,,,,,,,,,,,,
,,,,,,,,,,,,,,,,,,,,,,,,,,,,,,,,,,,,,,,,,,,,,,
,,,,,,,,,,,,,,,,,,,,,,,,,,,,,,,,,,,,,,,,,,,,,,
,,,,,,,,,,,,,,,,,,,,,,,,,,,,,,,,,,,,,,,,,,,,,,
,,,,,,,,,,,,,,,,,,,,,,,,,,,,,,,,,,,,,,,,,,,,,,
,,,,,,,,,,,,,,,,,,,,,,,,,,,,,,,,,,,,,,,,,,,,,,
,,,,,,,,,,,,,,,,,,,,,,,,,,,,,,,,,,,,,,,,,,,,,,
,,,,,,,,,,,,,,,,,,,,,,,,,,,,,,,,,,,,,,,,,,,,,,
,,,,,,,,,,,,,,,,,,,,,,,,,,,,,,,,,,,,,,,,,,,,,,
,,,,,,,,,,,,,,,,,,,,,,,,,,,,,,,,,,,,,,,,,,,,,,
,,,,,,,,,,,,,,,,,,,,,,,,,,,,,,,,,,,,,,,,,,,,,,
,,,,,,,,,,,,,,,,,,,,,,,,,,,,,,,,,,,,,,,,,,,,,,
,,,,,,,,,,,,,,,,,,,,,,,,,,,,,,,,,,,,,,,,,,,,,,
,,,,,,,,,,,,,,,,,,,,,,,,,,,,,,,,,,,,,,,,,,,,,,
,,,,,,,,,,,,,,,,,,,,,,,,,,,,,,,,,,,,,,,,,,,,,,
,,,,,,,,,,,,,,,,,,,,,,,,,,,,,,,,,,,,,,,,,,,,,,
,,,,,,,,,,,,,,,,,,,,,,,,,,,,,,,,,,,,,,,,,,,,,,
,,,,,,,,,,,,,,,,,,,,,,,,,,,,,,,,,,,,,,,,,,,,,,
,,,,,,,,,,,,,,,,,,,,,,,,,,,,,,,,,,,,,,,,,,,,,,
,,,,,,,,,,,,,,,,,,,,,,,,,,,,,,,,,,,,,,,,,,,,,,
,,,,,,,,,,,,,,,,,,,,,,,,,,,,,,,,,,,,,,,,,,,,,,
,,,,,,,,,,,,,,,,,,,,,,,,,,,,,,,,,,,,,,,,,,,,,,
,,,,,,,,,,,,,,,,,,,,,,,,,,,,,,,,,,,,,,,,,,,,,,
,,,,,,,,,,,,,,,,,,,,,,,,,,,,,,,,,,,,,,,,,,,,,,
,,,,,,,,,,,,,,,,,,,,,,,,,,,,,,,,,,,,,,,,,,,,,,
,,,,,,,,,,,,,,,,,,,,,,,,,,,,,,,,,,,,,,,,,,,,,,
,,,,,,,,,,,,,,,,,,,,,,,,,,,,,,,,,,,,,,,,,,,,,,
,,,,,,,,,,,,,,,,,,,,,,,,,,,,,,,,,,,,,,,,,,,,,,
,,,,,,,,,,,,,,,,,,,,,,,,,,,,,,,,,,,,,,,,,,,,,,
,,,,,,,,,,,,,,,,,,,,,,,,,,,,,,,,,,,,,,,,,,,,,,
,,,,,,,,,,,,,,,,,,,,,,,,,,,,,,,,,,,,,,,,,,,,,,
,,,,,,,,,,,,,,,,,,,,,,,,,,,,,,,,,,,,,,,,,,,,,,
,,,,,,,,,,,,,,,,,,,,,,,,,,,,,,,,,,,,,,,,,,,,,,
,,,,,,,,,,,,,,,,,,,,,,,,,,,,,,,,,,,,,,,,,,,,,,
,,,,,,,,,,,,,,,,,,,,,,,,,,,,,,,,,,,,,,,,,,,,,,
,,,,,,,,,,,,,,,,,,,,,,,,,,,,,,,,,,,,,,,,,,,,,,
,,,,,,,,,,,,,,,,,,,,,,,,,,,,,,,,,,,,,,,,,,,,,,
,,,,,,,,,,,,,,,,,,,,,,,,,,,,,,,,,,,,,,,,,,,,,,
,,,,,,,,,,,,,,,,,,,,,,,,,,,,,,,,,,,,,,,,,,,,,,
,,,,,,,,,,,,,,,,,,,,,,,,,,,,,,,,,,,,,,,,,,,,,,
,,,,,,,,,,,,,,,,,,,,,,,,,,,,,,,,,,,,,,,,,,,,,,
,,,,,,,,,,,,,,,,,,,,,,,,,,,,,,,,,,,,,,,,,,,,,,
,,,,,,,,,,,,,,,,,,,,,,,,,,,,,,,,,,,,,,,,,,,,,,
,,,,,,,,,,,,,,,,,,,,,,,,,,,,,,,,,,,,,,,,,,,,,,
,,,,,,,,,,,,,,,,,,,,,,,,,,,,,,,,,,,,,,,,,,,,,,
,,,,,,,,,,,,,,,,,,,,,,,,,,,,,,,,,,,,,,,,,,,,,,
,,,,,,,,,,,,,,,,,,,,,,,,,,,,,,,,,,,,,,,,,,,,,,
,,,,,,,,,,,,,,,,,,,,,,,,,,,,,,,,,,,,,,,,,,,,,,
,,,,,,,,,,,,,,,,,,,,,,,,,,,,,,,,,,,,,,,,,,,,,,
,,,,,,,,,,,,,,,,,,,,,,,,,,,,,,,,,,,,,,,,,,,,,,
,,,,,,,,,,,,,,,,,,,,,,,,,,,,,,,,,,,,,,,,,,,,,,
,,,,,,,,,,,,,,,,,,,,,,,,,,,,,,,,,,,,,,,,,,,,,,
,,,,,,,,,,,,,,,,,,,,,,,,,,,,,,,,,,,,,,,,,,,,,,
,,,,,,,,,,,,,,,,,,,,,,,,,,,,,,,,,,,,,,,,,,,,,,
,,,,,,,,,,,,,,,,,,,,,,,,,,,,,,,,,,,,,,,,,,,,,,
,,,,,,,,,,,,,,,,,,,,,,,,,,,,,,,,,,,,,,,,,,,,,,
,,,,,,,,,,,,,,,,,,,,,,,,,,,,,,,,,,,,,,,,,,,,,,
,,,,,,,,,,,,,,,,,,,,,,,,,,,,,,,,,,,,,,,,,,,,,,
,,,,,,,,,,,,,,,,,,,,,,,,,,,,,,,,,,,,,,,,,,,,,,
,,,,,,,,,,,,,,,,,,,,,,,,,,,,,,,,,,,,,,,,,,,,,,
,,,,,,,,,,,,,,,,,,,,,,,,,,,,,,,,,,,,,,,,,,,,,,
,,,,,,,,,,,,,,,,,,,,,,,,,,,,,,,,,,,,,,,,,,,,,,
,,,,,,,,,,,,,,,,,,,,,,,,,,,,,,,,,,,,,,,,,,,,,,
,,,,,,,,,,,,,,,,,,,,,,,,,,,,,,,,,,,,,,,,,,,,,,
,,,,,,,,,,,,,,,,,,,,,,,,,,,,,,,,,,,,,,,,,,,,,,
,,,,,,,,,,,,,,,,,,,,,,,,,,,,,,,,,,,,,,,,,,,,,,
,,,,,,,,,,,,,,,,,,,,,,,,,,,,,,,,,,,,,,,,,,,,,,
,,,,,,,,,,,,,,,,,,,,,,,,,,,,,,,,,,,,,,,,,,,,,,
,,,,,,,,,,,,,,,,,,,,,,,,,,,,,,,,,,,,,,,,,,,,,,
,,,,,,,,,,,,,,,,,,,,,,,,,,,,,,,,,,,,,,,,,,,,,,
,,,,,,,,,,,,,,,,,,,,,,,,,,,,,,,,,,,,,,,,,,,,,,
,,,,,,,,,,,,,,,,,,,,,,,,,,,,,,,,,,,,,,,,,,,,,,
,,,,,,,,,,,,,,,,,,,,,,,,,,,,,,,,,,,,,,,,,,,,,,
,,,,,,,,,,,,,,,,,,,,,,,,,,,,,,,,,,,,,,,,,,,,,,
,,,,,,,,,,,,,,,,,,,,,,,,,,,,,,,,,,,,,,,,,,,,,,
,,,,,,,,,,,,,,,,,,,,,,,,,,,,,,,,,,,,,,,,,,,,,,
,,,,,,,,,,,,,,,,,,,,,,,,,,,,,,,,,,,,,,,,,,,,,,
,,,,,,,,,,,,,,,,,,,,,,,,,,,,,,,,,,,,,,,,,,,,,,
,,,,,,,,,,,,,,,,,,,,,,,,,,,,,,,,,,,,,,,,,,,,,,
,,,,,,,,,,,,,,,,,,,,,,,,,,,,,,,,,,,,,,,,,,,,,,
,,,,,,,,,,,,,,,,,,,,,,,,,,,,,,,,,,,,,,,,,,,,,,
,,,,,,,,,,,,,,,,,,,,,,,,,,,,,,,,,,,,,,,,,,,,,,
,,,,,,,,,,,,,,,,,,,,,,,,,,,,,,,,,,,,,,,,,,,,,,
,,,,,,,,,,,,,,,,,,,,,,,,,,,,,,,,,,,,,,,,,,,,,,
,,,,,,,,,,,,,,,,,,,,,,,,,,,,,,,,,,,,,,,,,,,,,,
,,,,,,,,,,,,,,,,,,,,,,,,,,,,,,,,,,,,,,,,,,,,,,
,,,,,,,,,,,,,,,,,,,,,,,,,,,,,,,,,,,,,,,,,,,,,,
,,,,,,,,,,,,,,,,,,,,,,,,,,,,,,,,,,,,,,,,,,,,,,
,,,,,,,,,,,,,,,,,,,,,,,,,,,,,,,,,,,,,,,,,,,,,,
,,,,,,,,,,,,,,,,,,,,,,,,,,,,,,,,,,,,,,,,,,,,,,
,,,,,,,,,,,,,,,,,,,,,,,,,,,,,,,,,,,,,,,,,,,,,,
,,,,,,,,,,,,,,,,,,,,,,,,,,,,,,,,,,,,,,,,,,,,,,
,,,,,,,,,,,,,,,,,,,,,,,,,,,,,,,,,,,,,,,,,,,,,,
,,,,,,,,,,,,,,,,,,,,,,,,,,,,,,,,,,,,,,,,,,,,,,
,,,,,,,,,,,,,,,,,,,,,,,,,,,,,,,,,,,,,,,,,,,,,,
,,,,,,,,,,,,,,,,,,,,,,,,,,,,,,,,,,,,,,,,,,,,,,
,,,,,,,,,,,,,,,,,,,,,,,,,,,,,,,,,,,,,,,,,,,,,,
,,,,,,,,,,,,,,,,,,,,,,,,,,,,,,,,,,,,,,,,,,,,,,
,,,,,,,,,,,,,,,,,,,,,,,,,,,,,,,,,,,,,,,,,,,,,,
,,,,,,,,,,,,,,,,,,,,,,,,,,,,,,,,,,,,,,,,,,,,,,
,,,,,,,,,,,,,,,,,,,,,,,,,,,,,,,,,,,,,,,,,,,,,,
,,,,,,,,,,,,,,,,,,,,,,,,,,,,,,,,,,,,,,,,,,,,,,
,,,,,,,,,,,,,,,,,,,,,,,,,,,,,,,,,,,,,,,,,,,,,,
,,,,,,,,,,,,,,,,,,,,,,,,,,,,,,,,,,,,,,,,,,,,,,
,,,,,,,,,,,,,,,,,,,,,,,,,,,,,,,,,,,,,,,,,,,,,,
,,,,,,,,,,,,,,,,,,,,,,,,,,,,,,,,,,,,,,,,,,,,,,
,,,,,,,,,,,,,,,,,,,,,,,,,,,,,,,,,,,,,,,,,,,,,,
,,,,,,,,,,,,,,,,,,,,,,,,,,,,,,,,,,,,,,,,,,,,,,
,,,,,,,,,,,,,,,,,,,,,,,,,,,,,,,,,,,,,,,,,,,,,,
,,,,,,,,,,,,,,,,,,,,,,,,,,,,,,,,,,,,,,,,,,,,,,
,,,,,,,,,,,,,,,,,,,,,,,,,,,,,,,,,,,,,,,,,,,,,,
,,,,,,,,,,,,,,,,,,,,,,,,,,,,,,,,,,,,,,,,,,,,,,
,,,,,,,,,,,,,,,,,,,,,,,,,,,,,,,,,,,,,,,,,,,,,,
,,,,,,,,,,,,,,,,,,,,,,,,,,,,,,,,,,,,,,,,,,,,,,
,,,,,,,,,,,,,,,,,,,,,,,,,,,,,,,,,,,,,,,,,,,,,,
,,,,,,,,,,,,,,,,,,,,,,,,,,,,,,,,,,,,,,,,,,,,,,
,,,,,,,,,,,,,,,,,,,,,,,,,,,,,,,,,,,,,,,,,,,,,,
,,,,,,,,,,,,,,,,,,,,,,,,,,,,,,,,,,,,,,,,,,,,,,
,,,,,,,,,,,,,,,,,,,,,,,,,,,,,,,,,,,,,,,,,,,,,,
,,,,,,,,,,,,,,,,,,,,,,,,,,,,,,,,,,,,,,,,,,,,,,
,,,,,,,,,,,,,,,,,,,,,,,,,,,,,,,,,,,,,,,,,,,,,,
,,,,,,,,,,,,,,,,,,,,,,,,,,,,,,,,,,,,,,,,,,,,,,
,,,,,,,,,,,,,,,,,,,,,,,,,,,,,,,,,,,,,,,,,,,,,,
,,,,,,,,,,,,,,,,,,,,,,,,,,,,,,,,,,,,,,,,,,,,,,
,,,,,,,,,,,,,,,,,,,,,,,,,,,,,,,,,,,,,,,,,,,,,,
,,,,,,,,,,,,,,,,,,,,,,,,,,,,,,,,,,,,,,,,,,,,,,
,,,,,,,,,,,,,,,,,,,,,,,,,,,,,,,,,,,,,,,,,,,,,,
,,,,,,,,,,,,,,,,,,,,,,,,,,,,,,,,,,,,,,,,,,,,,,
,,,,,,,,,,,,,,,,,,,,,,,,,,,,,,,,,,,,,,,,,,,,,,
,,,,,,,,,,,,,,,,,,,,,,,,,,,,,,,,,,,,,,,,,,,,,,
,,,,,,,,,,,,,,,,,,,,,,,,,,,,,,,,,,,,,,,,,,,,,,
,,,,,,,,,,,,,,,,,,,,,,,,,,,,,,,,,,,,,,,,,,,,,,
,,,,,,,,,,,,,,,,,,,,,,,,,,,,,,,,,,,,,,,,,,,,,,
,,,,,,,,,,,,,,,,,,,,,,,,,,,,,,,,,,,,,,,,,,,,,,
,,,,,,,,,,,,,,,,,,,,,,,,,,,,,,,,,,,,,,,,,,,,,,
,,,,,,,,,,,,,,,,,,,,,,,,,,,,,,,,,,,,,,,,,,,,,,
,,,,,,,,,,,,,,,,,,,,,,,,,,,,,,,,,,,,,,,,,,,,,,
,,,,,,,,,,,,,,,,,,,,,,,,,,,,,,,,,,,,,,,,,,,,,,
,,,,,,,,,,,,,,,,,,,,,,,,,,,,,,,,,,,,,,,,,,,,,,
,,,,,,,,,,,,,,,,,,,,,,,,,,,,,,,,,,,,,,,,,,,,,,
,,,,,,,,,,,,,,,,,,,,,,,,,,,,,,,,,,,,,,,,,,,,,,
,,,,,,,,,,,,,,,,,,,,,,,,,,,,,,,,,,,,,,,,,,,,,,
,,,,,,,,,,,,,,,,,,,,,,,,,,,,,,,,,,,,,,,,,,,,,,
,,,,,,,,,,,,,,,,,,,,,,,,,,,,,,,,,,,,,,,,,,,,,,
,,,,,,,,,,,,,,,,,,,,,,,,,,,,,,,,,,,,,,,,,,,,,,
,,,,,,,,,,,,,,,,,,,,,,,,,,,,,,,,,,,,,,,,,,,,,,
,,,,,,,,,,,,,,,,,,,,,,,,,,,,,,,,,,,,,,,,,,,,,,
,,,,,,,,,,,,,,,,,,,,,,,,,,,,,,,,,,,,,,,,,,,,,,
,,,,,,,,,,,,,,,,,,,,,,,,,,,,,,,,,,,,,,,,,,,,,,
,,,,,,,,,,,,,,,,,,,,,,,,,,,,,,,,,,,,,,,,,,,,,,
,,,,,,,,,,,,,,,,,,,,,,,,,,,,,,,,,,,,,,,,,,,,,,
,,,,,,,,,,,,,,,,,,,,,,,,,,,,,,,,,,,,,,,,,,,,,,
,,,,,,,,,,,,,,,,,,,,,,,,,,,,,,,,,,,,,,,,,,,,,,
,,,,,,,,,,,,,,,,,,,,,,,,,,,,,,,,,,,,,,,,,,,,,,
,,,,,,,,,,,,,,,,,,,,,,,,,,,,,,,,,,,,,,,,,,,,,,
,,,,,,,,,,,,,,,,,,,,,,,,,,,,,,,,,,,,,,,,,,,,,,
,,,,,,,,,,,,,,,,,,,,,,,,,,,,,,,,,,,,,,,,,,,,,,
,,,,,,,,,,,,,,,,,,,,,,,,,,,,,,,,,,,,,,,,,,,,,,
,,,,,,,,,,,,,,,,,,,,,,,,,,,,,,,,,,,,,,,,,,,,,,
,,,,,,,,,,,,,,,,,,,,,,,,,,,,,,,,,,,,,,,,,,,,,,
,,,,,,,,,,,,,,,,,,,,,,,,,,,,,,,,,,,,,,,,,,,,,,
,,,,,,,,,,,,,,,,,,,,,,,,,,,,,,,,,,,,,,,,,,,,,,
,,,,,,,,,,,,,,,,,,,,,,,,,,,,,,,,,,,,,,,,,,,,,,
,,,,,,,,,,,,,,,,,,,,,,,,,,,,,,,,,,,,,,,,,,,,,,
,,,,,,,,,,,,,,,,,,,,,,,,,,,,,,,,,,,,,,,,,,,,,,
,,,,,,,,,,,,,,,,,,,,,,,,,,,,,,,,,,,,,,,,,,,,,,
,,,,,,,,,,,,,,,,,,,,,,,,,,,,,,,,,,,,,,,,,,,,,,
,,,,,,,,,,,,,,,,,,,,,,,,,,,,,,,,,,,,,,,,,,,,,,
,,,,,,,,,,,,,,,,,,,,,,,,,,,,,,,,,,,,,,,,,,,,,,
,,,,,,,,,,,,,,,,,,,,,,,,,,,,,,,,,,,,,,,,,,,,,,
,,,,,,,,,,,,,,,,,,,,,,,,,,,,,,,,,,,,,,,,,,,,,,
,,,,,,,,,,,,,,,,,,,,,,,,,,,,,,,,,,,,,,,,,,,,,,
,,,,,,,,,,,,,,,,,,,,,,,,,,,,,,,,,,,,,,,,,,,,,,
,,,,,,,,,,,,,,,,,,,,,,,,,,,,,,,,,,,,,,,,,,,,,,
,,,,,,,,,,,,,,,,,,,,,,,,,,,,,,,,,,,,,,,,,,,,,,
,,,,,,,,,,,,,,,,,,,,,,,,,,,,,,,,,,,,,,,,,,,,,,
,,,,,,,,,,,,,,,,,,,,,,,,,,,,,,,,,,,,,,,,,,,,,,
,,,,,,,,,,,,,,,,,,,,,,,,,,,,,,,,,,,,,,,,,,,,,,
,,,,,,,,,,,,,,,,,,,,,,,,,,,,,,,,,,,,,,,,,,,,,,
,,,,,,,,,,,,,,,,,,,,,,,,,,,,,,,,,,,,,,,,,,,,,,
,,,,,,,,,,,,,,,,,,,,,,,,,,,,,,,,,,,,,,,,,,,,,,
,,,,,,,,,,,,,,,,,,,,,,,,,,,,,,,,,,,,,,,,,,,,,,
,,,,,,,,,,,,,,,,,,,,,,,,,,,,,,,,,,,,,,,,,,,,,,
,,,,,,,,,,,,,,,,,,,,,,,,,,,,,,,,,,,,,,,,,,,,,,
,,,,,,,,,,,,,,,,,,,,,,,,,,,,,,,,,,,,,,,,,,,,,,
,,,,,,,,,,,,,,,,,,,,,,,,,,,,,,,,,,,,,,,,,,,,,,
,,,,,,,,,,,,,,,,,,,,,,,,,,,,,,,,,,,,,,,,,,,,,,
,,,,,,,,,,,,,,,,,,,,,,,,,,,,,,,,,,,,,,,,,,,,,,
,,,,,,,,,,,,,,,,,,,,,,,,,,,,,,,,,,,,,,,,,,,,,,
,,,,,,,,,,,,,,,,,,,,,,,,,,,,,,,,,,,,,,,,,,,,,,
,,,,,,,,,,,,,,,,,,,,,,,,,,,,,,,,,,,,,,,,,,,,,,
,,,,,,,,,,,,,,,,,,,,,,,,,,,,,,,,,,,,,,,,,,,,,,
,,,,,,,,,,,,,,,,,,,,,,,,,,,,,,,,,,,,,,,,,,,,,,
,,,,,,,,,,,,,,,,,,,,,,,,,,,,,,,,,,,,,,,,,,,,,,
,,,,,,,,,,,,,,,,,,,,,,,,,,,,,,,,,,,,,,,,,,,,,,
,,,,,,,,,,,,,,,,,,,,,,,,,,,,,,,,,,,,,,,,,,,,,,
,,,,,,,,,,,,,,,,,,,,,,,,,,,,,,,,,,,,,,,,,,,,,,
,,,,,,,,,,,,,,,,,,,,,,,,,,,,,,,,,,,,,,,,,,,,,,
,,,,,,,,,,,,,,,,,,,,,,,,,,,,,,,,,,,,,,,,,,,,,,
,,,,,,,,,,,,,,,,,,,,,,,,,,,,,,,,,,,,,,,,,,,,,,
,,,,,,,,,,,,,,,,,,,,,,,,,,,,,,,,,,,,,,,,,,,,,,
,,,,,,,,,,,,,,,,,,,,,,,,,,,,,,,,,,,,,,,,,,,,,,
,,,,,,,,,,,,,,,,,,,,,,,,,,,,,,,,,,,,,,,,,,,,,,
,,,,,,,,,,,,,,,,,,,,,,,,,,,,,,,,,,,,,,,,,,,,,,
,,,,,,,,,,,,,,,,,,,,,,,,,,,,,,,,,,,,,,,,,,,,,,
,,,,,,,,,,,,,,,,,,,,,,,,,,,,,,,,,,,,,,,,,,,,,,
,,,,,,,,,,,,,,,,,,,,,,,,,,,,,,,,,,,,,,,,,,,,,,
,,,,,,,,,,,,,,,,,,,,,,,,,,,,,,,,,,,,,,,,,,,,,,
,,,,,,,,,,,,,,,,,,,,,,,,,,,,,,,,,,,,,,,,,,,,,,
,,,,,,,,,,,,,,,,,,,,,,,,,,,,,,,,,,,,,,,,,,,,,,
,,,,,,,,,,,,,,,,,,,,,,,,,,,,,,,,,,,,,,,,,,,,,,
,,,,,,,,,,,,,,,,,,,,,,,,,,,,,,,,,,,,,,,,,,,,,,
,,,,,,,,,,,,,,,,,,,,,,,,,,,,,,,,,,,,,,,,,,,,,,
,,,,,,,,,,,,,,,,,,,,,,,,,,,,,,,,,,,,,,,,,,,,,,
,,,,,,,,,,,,,,,,,,,,,,,,,,,,,,,,,,,,,,,,,,,,,,
,,,,,,,,,,,,,,,,,,,,,,,,,,,,,,,,,,,,,,,,,,,,,,
,,,,,,,,,,,,,,,,,,,,,,,,,,,,,,,,,,,,,,,,,,,,,,
,,,,,,,,,,,,,,,,,,,,,,,,,,,,,,,,,,,,,,,,,,,,,,
,,,,,,,,,,,,,,,,,,,,,,,,,,,,,,,,,,,,,,,,,,,,,,
,,,,,,,,,,,,,,,,,,,,,,,,,,,,,,,,,,,,,,,,,,,,,,
,,,,,,,,,,,,,,,,,,,,,,,,,,,,,,,,,,,,,,,,,,,,,,
,,,,,,,,,,,,,,,,,,,,,,,,,,,,,,,,,,,,,,,,,,,,,,
,,,,,,,,,,,,,,,,,,,,,,,,,,,,,,,,,,,,,,,,,,,,,,
,,,,,,,,,,,,,,,,,,,,,,,,,,,,,,,,,,,,,,,,,,,,,,
,,,,,,,,,,,,,,,,,,,,,,,,,,,,,,,,,,,,,,,,,,,,,,
,,,,,,,,,,,,,,,,,,,,,,,,,,,,,,,,,,,,,,,,,,,,,,
,,,,,,,,,,,,,,,,,,,,,,,,,,,,,,,,,,,,,,,,,,,,,,
,,,,,,,,,,,,,,,,,,,,,,,,,,,,,,,,,,,,,,,,,,,,,,
,,,,,,,,,,,,,,,,,,,,,,,,,,,,,,,,,,,,,,,,,,,,,,
,,,,,,,,,,,,,,,,,,,,,,,,,,,,,,,,,,,,,,,,,,,,,,
,,,,,,,,,,,,,,,,,,,,,,,,,,,,,,,,,,,,,,,,,,,,,,
,,,,,,,,,,,,,,,,,,,,,,,,,,,,,,,,,,,,,,,,,,,,,,
,,,,,,,,,,,,,,,,,,,,,,,,,,,,,,,,,,,,,,,,,,,,,,
,,,,,,,,,,,,,,,,,,,,,,,,,,,,,,,,,,,,,,,,,,,,,,
,,,,,,,,,,,,,,,,,,,,,,,,,,,,,,,,,,,,,,,,,,,,,,
,,,,,,,,,,,,,,,,,,,,,,,,,,,,,,,,,,,,,,,,,,,,,,
,,,,,,,,,,,,,,,,,,,,,,,,,,,,,,,,,,,,,,,,,,,,,,
,,,,,,,,,,,,,,,,,,,,,,,,,,,,,,,,,,,,,,,,,,,,,,
,,,,,,,,,,,,,,,,,,,,,,,,,,,,,,,,,,,,,,,,,,,,,,
,,,,,,,,,,,,,,,,,,,,,,,,,,,,,,,,,,,,,,,,,,,,,,
,,,,,,,,,,,,,,,,,,,,,,,,,,,,,,,,,,,,,,,,,,,,,,
,,,,,,,,,,,,,,,,,,,,,,,,,,,,,,,,,,,,,,,,,,,,,,
,,,,,,,,,,,,,,,,,,,,,,,,,,,,,,,,,,,,,,,,,,,,,,
,,,,,,,,,,,,,,,,,,,,,,,,,,,,,,,,,,,,,,,,,,,,,,
,,,,,,,,,,,,,,,,,,,,,,,,,,,,,,,,,,,,,,,,,,,,,,
,,,,,,,,,,,,,,,,,,,,,,,,,,,,,,,,,,,,,,,,,,,,,,
,,,,,,,,,,,,,,,,,,,,,,,,,,,,,,,,,,,,,,,,,,,,,,
,,,,,,,,,,,,,,,,,,,,,,,,,,,,,,,,,,,,,,,,,,,,,,
,,,,,,,,,,,,,,,,,,,,,,,,,,,,,,,,,,,,,,,,,,,,,,
,,,,,,,,,,,,,,,,,,,,,,,,,,,,,,,,,,,,,,,,,,,,,,
,,,,,,,,,,,,,,,,,,,,,,,,,,,,,,,,,,,,,,,,,,,,,,
,,,,,,,,,,,,,,,,,,,,,,,,,,,,,,,,,,,,,,,,,,,,,,
,,,,,,,,,,,,,,,,,,,,,,,,,,,,,,,,,,,,,,,,,,,,,,
,,,,,,,,,,,,,,,,,,,,,,,,,,,,,,,,,,,,,,,,,,,,,,
,,,,,,,,,,,,,,,,,,,,,,,,,,,,,,,,,,,,,,,,,,,,,,
,,,,,,,,,,,,,,,,,,,,,,,,,,,,,,,,,,,,,,,,,,,,,,
,,,,,,,,,,,,,,,,,,,,,,,,,,,,,,,,,,,,,,,,,,,,,,
,,,,,,,,,,,,,,,,,,,,,,,,,,,,,,,,,,,,,,,,,,,,,,
,,,,,,,,,,,,,,,,,,,,,,,,,,,,,,,,,,,,,,,,,,,,,,
,,,,,,,,,,,,,,,,,,,,,,,,,,,,,,,,,,,,,,,,,,,,,,
,,,,,,,,,,,,,,,,,,,,,,,,,,,,,,,,,,,,,,,,,,,,,,
,,,,,,,,,,,,,,,,,,,,,,,,,,,,,,,,,,,,,,,,,,,,,,
,,,,,,,,,,,,,,,,,,,,,,,,,,,,,,,,,,,,,,,,,,,,,,
,,,,,,,,,,,,,,,,,,,,,,,,,,,,,,,,,,,,,,,,,,,,,,
,,,,,,,,,,,,,,,,,,,,,,,,,,,,,,,,,,,,,,,,,,,,,,
,,,,,,,,,,,,,,,,,,,,,,,,,,,,,,,,,,,,,,,,,,,,,,
,,,,,,,,,,,,,,,,,,,,,,,,,,,,,,,,,,,,,,,,,,,,,,
,,,,,,,,,,,,,,,,,,,,,,,,,,,,,,,,,,,,,,,,,,,,,,
,,,,,,,,,,,,,,,,,,,,,,,,,,,,,,,,,,,,,,,,,,,,,,
,,,,,,,,,,,,,,,,,,,,,,,,,,,,,,,,,,,,,,,,,,,,,,
,,,,,,,,,,,,,,,,,,,,,,,,,,,,,,,,,,,,,,,,,,,,,,
,,,,,,,,,,,,,,,,,,,,,,,,,,,,,,,,,,,,,,,,,,,,,,
,,,,,,,,,,,,,,,,,,,,,,,,,,,,,,,,,,,,,,,,,,,,,,
,,,,,,,,,,,,,,,,,,,,,,,,,,,,,,,,,,,,,,,,,,,,,,
,,,,,,,,,,,,,,,,,,,,,,,,,,,,,,,,,,,,,,,,,,,,,,
,,,,,,,,,,,,,,,,,,,,,,,,,,,,,,,,,,,,,,,,,,,,,,
,,,,,,,,,,,,,,,,,,,,,,,,,,,,,,,,,,,,,,,,,,,,,,
,,,,,,,,,,,,,,,,,,,,,,,,,,,,,,,,,,,,,,,,,,,,,,
,,,,,,,,,,,,,,,,,,,,,,,,,,,,,,,,,,,,,,,,,,,,,,
,,,,,,,,,,,,,,,,,,,,,,,,,,,,,,,,,,,,,,,,,,,,,,
,,,,,,,,,,,,,,,,,,,,,,,,,,,,,,,,,,,,,,,,,,,,,,
,,,,,,,,,,,,,,,,,,,,,,,,,,,,,,,,,,,,,,,,,,,,,,
,,,,,,,,,,,,,,,,,,,,,,,,,,,,,,,,,,,,,,,,,,,,,,
,,,,,,,,,,,,,,,,,,,,,,,,,,,,,,,,,,,,,,,,,,,,,,
,,,,,,,,,,,,,,,,,,,,,,,,,,,,,,,,,,,,,,,,,,,,,,
,,,,,,,,,,,,,,,,,,,,,,,,,,,,,,,,,,,,,,,,,,,,,,
,,,,,,,,,,,,,,,,,,,,,,,,,,,,,,,,,,,,,,,,,,,,,,
,,,,,,,,,,,,,,,,,,,,,,,,,,,,,,,,,,,,,,,,,,,,,,
,,,,,,,,,,,,,,,,,,,,,,,,,,,,,,,,,,,,,,,,,,,,,,
,,,,,,,,,,,,,,,,,,,,,,,,,,,,,,,,,,,,,,,,,,,,,,
,,,,,,,,,,,,,,,,,,,,,,,,,,,,,,,,,,,,,,,,,,,,,,
,,,,,,,,,,,,,,,,,,,,,,,,,,,,,,,,,,,,,,,,,,,,,,
,,,,,,,,,,,,,,,,,,,,,,,,,,,,,,,,,,,,,,,,,,,,,,
,,,,,,,,,,,,,,,,,,,,,,,,,,,,,,,,,,,,,,,,,,,,,,
,,,,,,,,,,,,,,,,,,,,,,,,,,,,,,,,,,,,,,,,,,,,,,
,,,,,,,,,,,,,,,,,,,,,,,,,,,,,,,,,,,,,,,,,,,,,,
,,,,,,,,,,,,,,,,,,,,,,,,,,,,,,,,,,,,,,,,,,,,,,
,,,,,,,,,,,,,,,,,,,,,,,,,,,,,,,,,,,,,,,,,,,,,,
,,,,,,,,,,,,,,,,,,,,,,,,,,,,,,,,,,,,,,,,,,,,,,
,,,,,,,,,,,,,,,,,,,,,,,,,,,,,,,,,,,,,,,,,,,,,,
,,,,,,,,,,,,,,,,,,,,,,,,,,,,,,,,,,,,,,,,,,,,,,
,,,,,,,,,,,,,,,,,,,,,,,,,,,,,,,,,,,,,,,,,,,,,,
,,,,,,,,,,,,,,,,,,,,,,,,,,,,,,,,,,,,,,,,,,,,,,
,,,,,,,,,,,,,,,,,,,,,,,,,,,,,,,,,,,,,,,,,,,,,,
,,,,,,,,,,,,,,,,,,,,,,,,,,,,,,,,,,,,,,,,,,,,,,
,,,,,,,,,,,,,,,,,,,,,,,,,,,,,,,,,,,,,,,,,,,,,,
,,,,,,,,,,,,,,,,,,,,,,,,,,,,,,,,,,,,,,,,,,,,,,
,,,,,,,,,,,,,,,,,,,,,,,,,,,,,,,,,,,,,,,,,,,,,,
,,,,,,,,,,,,,,,,,,,,,,,,,,,,,,,,,,,,,,,,,,,,,,
,,,,,,,,,,,,,,,,,,,,,,,,,,,,,,,,,,,,,,,,,,,,,,
,,,,,,,,,,,,,,,,,,,,,,,,,,,,,,,,,,,,,,,,,,,,,,
,,,,,,,,,,,,,,,,,,,,,,,,,,,,,,,,,,,,,,,,,,,,,,
,,,,,,,,,,,,,,,,,,,,,,,,,,,,,,,,,,,,,,,,,,,,,,
,,,,,,,,,,,,,,,,,,,,,,,,,,,,,,,,,,,,,,,,,,,,,,
,,,,,,,,,,,,,,,,,,,,,,,,,,,,,,,,,,,,,,,,,,,,,,
,,,,,,,,,,,,,,,,,,,,,,,,,,,,,,,,,,,,,,,,,,,,,,
,,,,,,,,,,,,,,,,,,,,,,,,,,,,,,,,,,,,,,,,,,,,,,
,,,,,,,,,,,,,,,,,,,,,,,,,,,,,,,,,,,,,,,,,,,,,,
,,,,,,,,,,,,,,,,,,,,,,,,,,,,,,,,,,,,,,,,,,,,,,
,,,,,,,,,,,,,,,,,,,,,,,,,,,,,,,,,,,,,,,,,,,,,,
,,,,,,,,,,,,,,,,,,,,,,,,,,,,,,,,,,,,,,,,,,,,,,
,,,,,,,,,,,,,,,,,,,,,,,,,,,,,,,,,,,,,,,,,,,,,,
,,,,,,,,,,,,,,,,,,,,,,,,,,,,,,,,,,,,,,,,,,,,,,
,,,,,,,,,,,,,,,,,,,,,,,,,,,,,,,,,,,,,,,,,,,,,,
,,,,,,,,,,,,,,,,,,,,,,,,,,,,,,,,,,,,,,,,,,,,,,
,,,,,,,,,,,,,,,,,,,,,,,,,,,,,,,,,,,,,,,,,,,,,,
,,,,,,,,,,,,,,,,,,,,,,,,,,,,,,,,,,,,,,,,,,,,,,
,,,,,,,,,,,,,,,,,,,,,,,,,,,,,,,,,,,,,,,,,,,,,,
,,,,,,,,,,,,,,,,,,,,,,,,,,,,,,,,,,,,,,,,,,,,,,
,,,,,,,,,,,,,,,,,,,,,,,,,,,,,,,,,,,,,,,,,,,,,,
,,,,,,,,,,,,,,,,,,,,,,,,,,,,,,,,,,,,,,,,,,,,,,
,,,,,,,,,,,,,,,,,,,,,,,,,,,,,,,,,,,,,,,,,,,,,,
,,,,,,,,,,,,,,,,,,,,,,,,,,,,,,,,,,,,,,,,,,,,,,
,,,,,,,,,,,,,,,,,,,,,,,,,,,,,,,,,,,,,,,,,,,,,,
,,,,,,,,,,,,,,,,,,,,,,,,,,,,,,,,,,,,,,,,,,,,,,
,,,,,,,,,,,,,,,,,,,,,,,,,,,,,,,,,,,,,,,,,,,,,,
,,,,,,,,,,,,,,,,,,,,,,,,,,,,,,,,,,,,,,,,,,,,,,
,,,,,,,,,,,,,,,,,,,,,,,,,,,,,,,,,,,,,,,,,,,,,,
,,,,,,,,,,,,,,,,,,,,,,,,,,,,,,,,,,,,,,,,,,,,,,
,,,,,,,,,,,,,,,,,,,,,,,,,,,,,,,,,,,,,,,,,,,,,,
,,,,,,,,,,,,,,,,,,,,,,,,,,,,,,,,,,,,,,,,,,,,,,
,,,,,,,,,,,,,,,,,,,,,,,,,,,,,,,,,,,,,,,,,,,,,,
,,,,,,,,,,,,,,,,,,,,,,,,,,,,,,,,,,,,,,,,,,,,,,
,,,,,,,,,,,,,,,,,,,,,,,,,,,,,,,,,,,,,,,,,,,,,,
,,,,,,,,,,,,,,,,,,,,,,,,,,,,,,,,,,,,,,,,,,,,,,
,,,,,,,,,,,,,,,,,,,,,,,,,,,,,,,,,,,,,,,,,,,,,,
,,,,,,,,,,,,,,,,,,,,,,,,,,,,,,,,,,,,,,,,,,,,,,
,,,,,,,,,,,,,,,,,,,,,,,,,,,,,,,,,,,,,,,,,,,,,,
,,,,,,,,,,,,,,,,,,,,,,,,,,,,,,,,,,,,,,,,,,,,,,
,,,,,,,,,,,,,,,,,,,,,,,,,,,,,,,,,,,,,,,,,,,,,,
,,,,,,,,,,,,,,,,,,,,,,,,,,,,,,,,,,,,,,,,,,,,,,
,,,,,,,,,,,,,,,,,,,,,,,,,,,,,,,,,,,,,,,,,,,,,,
,,,,,,,,,,,,,,,,,,,,,,,,,,,,,,,,,,,,,,,,,,,,,,
,,,,,,,,,,,,,,,,,,,,,,,,,,,,,,,,,,,,,,,,,,,,,,
,,,,,,,,,,,,,,,,,,,,,,,,,,,,,,,,,,,,,,,,,,,,,,
,,,,,,,,,,,,,,,,,,,,,,,,,,,,,,,,,,,,,,,,,,,,,,
,,,,,,,,,,,,,,,,,,,,,,,,,,,,,,,,,,,,,,,,,,,,,,
,,,,,,,,,,,,,,,,,,,,,,,,,,,,,,,,,,,,,,,,,,,,,,
,,,,,,,,,,,,,,,,,,,,,,,,,,,,,,,,,,,,,,,,,,,,,,
,,,,,,,,,,,,,,,,,,,,,,,,,,,,,,,,,,,,,,,,,,,,,,
,,,,,,,,,,,,,,,,,,,,,,,,,,,,,,,,,,,,,,,,,,,,,,
,,,,,,,,,,,,,,,,,,,,,,,,,,,,,,,,,,,,,,,,,,,,,,
,,,,,,,,,,,,,,,,,,,,,,,,,,,,,,,,,,,,,,,,,,,,,,
,,,,,,,,,,,,,,,,,,,,,,,,,,,,,,,,,,,,,,,,,,,,,,
,,,,,,,,,,,,,,,,,,,,,,,,,,,,,,,,,,,,,,,,,,,,,,
,,,,,,,,,,,,,,,,,,,,,,,,,,,,,,,,,,,,,,,,,,,,,,
,,,,,,,,,,,,,,,,,,,,,,,,,,,,,,,,,,,,,,,,,,,,,,
,,,,,,,,,,,,,,,,,,,,,,,,,,,,,,,,,,,,,,,,,,,,,,
,,,,,,,,,,,,,,,,,,,,,,,,,,,,,,,,,,,,,,,,,,,,,,
,,,,,,,,,,,,,,,,,,,,,,,,,,,,,,,,,,,,,,,,,,,,,,
,,,,,,,,,,,,,,,,,,,,,,,,,,,,,,,,,,,,,,,,,,,,,,
,,,,,,,,,,,,,,,,,,,,,,,,,,,,,,,,,,,,,,,,,,,,,,
,,,,,,,,,,,,,,,,,,,,,,,,,,,,,,,,,,,,,,,,,,,,,,
,,,,,,,,,,,,,,,,,,,,,,,,,,,,,,,,,,,,,,,,,,,,,,
,,,,,,,,,,,,,,,,,,,,,,,,,,,,,,,,,,,,,,,,,,,,,,
,,,,,,,,,,,,,,,,,,,,,,,,,,,,,,,,,,,,,,,,,,,,,,
,,,,,,,,,,,,,,,,,,,,,,,,,,,,,,,,,,,,,,,,,,,,,,
,,,,,,,,,,,,,,,,,,,,,,,,,,,,,,,,,,,,,,,,,,,,,,
,,,,,,,,,,,,,,,,,,,,,,,,,,,,,,,,,,,,,,,,,,,,,,
,,,,,,,,,,,,,,,,,,,,,,,,,,,,,,,,,,,,,,,,,,,,,,
,,,,,,,,,,,,,,,,,,,,,,,,,,,,,,,,,,,,,,,,,,,,,,
,,,,,,,,,,,,,,,,,,,,,,,,,,,,,,,,,,,,,,,,,,,,,,
,,,,,,,,,,,,,,,,,,,,,,,,,,,,,,,,,,,,,,,,,,,,,,
,,,,,,,,,,,,,,,,,,,,,,,,,,,,,,,,,,,,,,,,,,,,,,
,,,,,,,,,,,,,,,,,,,,,,,,,,,,,,,,,,,,,,,,,,,,,,
,,,,,,,,,,,,,,,,,,,,,,,,,,,,,,,,,,,,,,,,,,,,,,
,,,,,,,,,,,,,,,,,,,,,,,,,,,,,,,,,,,,,,,,,,,,,,
,,,,,,,,,,,,,,,,,,,,,,,,,,,,,,,,,,,,,,,,,,,,,,
,,,,,,,,,,,,,,,,,,,,,,,,,,,,,,,,,,,,,,,,,,,,,,
,,,,,,,,,,,,,,,,,,,,,,,,,,,,,,,,,,,,,,,,,,,,,,
,,,,,,,,,,,,,,,,,,,,,,,,,,,,,,,,,,,,,,,,,,,,,,
,,,,,,,,,,,,,,,,,,,,,,,,,,,,,,,,,,,,,,,,,,,,,,
,,,,,,,,,,,,,,,,,,,,,,,,,,,,,,,,,,,,,,,,,,,,,,
,,,,,,,,,,,,,,,,,,,,,,,,,,,,,,,,,,,,,,,,,,,,,,
,,,,,,,,,,,,,,,,,,,,,,,,,,,,,,,,,,,,,,,,,,,,,,
,,,,,,,,,,,,,,,,,,,,,,,,,,,,,,,,,,,,,,,,,,,,,,
,,,,,,,,,,,,,,,,,,,,,,,,,,,,,,,,,,,,,,,,,,,,,,
,,,,,,,,,,,,,,,,,,,,,,,,,,,,,,,,,,,,,,,,,,,,,,
,,,,,,,,,,,,,,,,,,,,,,,,,,,,,,,,,,,,,,,,,,,,,,
,,,,,,,,,,,,,,,,,,,,,,,,,,,,,,,,,,,,,,,,,,,,,,
,,,,,,,,,,,,,,,,,,,,,,,,,,,,,,,,,,,,,,,,,,,,,,
,,,,,,,,,,,,,,,,,,,,,,,,,,,,,,,,,,,,,,,,,,,,,,
,,,,,,,,,,,,,,,,,,,,,,,,,,,,,,,,,,,,,,,,,,,,,,
,,,,,,,,,,,,,,,,,,,,,,,,,,,,,,,,,,,,,,,,,,,,,,
,,,,,,,,,,,,,,,,,,,,,,,,,,,,,,,,,,,,,,,,,,,,,,
,,,,,,,,,,,,,,,,,,,,,,,,,,,,,,,,,,,,,,,,,,,,,,
,,,,,,,,,,,,,,,,,,,,,,,,,,,,,,,,,,,,,,,,,,,,,,
,,,,,,,,,,,,,,,,,,,,,,,,,,,,,,,,,,,,,,,,,,,,,,
,,,,,,,,,,,,,,,,,,,,,,,,,,,,,,,,,,,,,,,,,,,,,,
,,,,,,,,,,,,,,,,,,,,,,,,,,,,,,,,,,,,,,,,,,,,,,
,,,,,,,,,,,,,,,,,,,,,,,,,,,,,,,,,,,,,,,,,,,,,,
,,,,,,,,,,,,,,,,,,,,,,,,,,,,,,,,,,,,,,,,,,,,,,
,,,,,,,,,,,,,,,,,,,,,,,,,,,,,,,,,,,,,,,,,,,,,,
,,,,,,,,,,,,,,,,,,,,,,,,,,,,,,,,,,,,,,,,,,,,,,
,,,,,,,,,,,,,,,,,,,,,,,,,,,,,,,,,,,,,,,,,,,,,,
,,,,,,,,,,,,,,,,,,,,,,,,,,,,,,,,,,,,,,,,,,,,,,
,,,,,,,,,,,,,,,,,,,,,,,,,,,,,,,,,,,,,,,,,,,,,,
,,,,,,,,,,,,,,,,,,,,,,,,,,,,,,,,,,,,,,,,,,,,,,
,,,,,,,,,,,,,,,,,,,,,,,,,,,,,,,,,,,,,,,,,,,,,,
,,,,,,,,,,,,,,,,,,,,,,,,,,,,,,,,,,,,,,,,,,,,,,
,,,,,,,,,,,,,,,,,,,,,,,,,,,,,,,,,,,,,,,,,,,,,,
,,,,,,,,,,,,,,,,,,,,,,,,,,,,,,,,,,,,,,,,,,,,,,
,,,,,,,,,,,,,,,,,,,,,,,,,,,,,,,,,,,,,,,,,,,,,,
,,,,,,,,,,,,,,,,,,,,,,,,,,,,,,,,,,,,,,,,,,,,,,
,,,,,,,,,,,,,,,,,,,,,,,,,,,,,,,,,,,,,,,,,,,,,,
,,,,,,,,,,,,,,,,,,,,,,,,,,,,,,,,,,,,,,,,,,,,,,
,,,,,,,,,,,,,,,,,,,,,,,,,,,,,,,,,,,,,,,,,,,,,,
,,,,,,,,,,,,,,,,,,,,,,,,,,,,,,,,,,,,,,,,,,,,,,
,,,,,,,,,,,,,,,,,,,,,,,,,,,,,,,,,,,,,,,,,,,,,,
,,,,,,,,,,,,,,,,,,,,,,,,,,,,,,,,,,,,,,,,,,,,,,
,,,,,,,,,,,,,,,,,,,,,,,,,,,,,,,,,,,,,,,,,,,,,,
,,,,,,,,,,,,,,,,,,,,,,,,,,,,,,,,,,,,,,,,,,,,,,
,,,,,,,,,,,,,,,,,,,,,,,,,,,,,,,,,,,,,,,,,,,,,,
,,,,,,,,,,,,,,,,,,,,,,,,,,,,,,,,,,,,,,,,,,,,,,
,,,,,,,,,,,,,,,,,,,,,,,,,,,,,,,,,,,,,,,,,,,,,,
,,,,,,,,,,,,,,,,,,,,,,,,,,,,,,,,,,,,,,,,,,,,,,
,,,,,,,,,,,,,,,,,,,,,,,,,,,,,,,,,,,,,,,,,,,,,,
,,,,,,,,,,,,,,,,,,,,,,,,,,,,,,,,,,,,,,,,,,,,,,
,,,,,,,,,,,,,,,,,,,,,,,,,,,,,,,,,,,,,,,,,,,,,,
,,,,,,,,,,,,,,,,,,,,,,,,,,,,,,,,,,,,,,,,,,,,,,
,,,,,,,,,,,,,,,,,,,,,,,,,,,,,,,,,,,,,,,,,,,,,,
,,,,,,,,,,,,,,,,,,,,,,,,,,,,,,,,,,,,,,,,,,,,,,
,,,,,,,,,,,,,,,,,,,,,,,,,,,,,,,,,,,,,,,,,,,,,,
,,,,,,,,,,,,,,,,,,,,,,,,,,,,,,,,,,,,,,,,,,,,,,
,,,,,,,,,,,,,,,,,,,,,,,,,,,,,,,,,,,,,,,,,,,,,,
,,,,,,,,,,,,,,,,,,,,,,,,,,,,,,,,,,,,,,,,,,,,,,
,,,,,,,,,,,,,,,,,,,,,,,,,,,,,,,,,,,,,,,,,,,,,,
,,,,,,,,,,,,,,,,,,,,,,,,,,,,,,,,,,,,,,,,,,,,,,
,,,,,,,,,,,,,,,,,,,,,,,,,,,,,,,,,,,,,,,,,,,,,,
,,,,,,,,,,,,,,,,,,,,,,,,,,,,,,,,,,,,,,,,,,,,,,
,,,,,,,,,,,,,,,,,,,,,,,,,,,,,,,,,,,,,,,,,,,,,,
,,,,,,,,,,,,,,,,,,,,,,,,,,,,,,,,,,,,,,,,,,,,,,
,,,,,,,,,,,,,,,,,,,,,,,,,,,,,,,,,,,,,,,,,,,,,,
,,,,,,,,,,,,,,,,,,,,,,,,,,,,,,,,,,,,,,,,,,,,,,
,,,,,,,,,,,,,,,,,,,,,,,,,,,,,,,,,,,,,,,,,,,,,,
,,,,,,,,,,,,,,,,,,,,,,,,,,,,,,,,,,,,,,,,,,,,,,
,,,,,,,,,,,,,,,,,,,,,,,,,,,,,,,,,,,,,,,,,,,,,,
,,,,,,,,,,,,,,,,,,,,,,,,,,,,,,,,,,,,,,,,,,,,,,
,,,,,,,,,,,,,,,,,,,,,,,,,,,,,,,,,,,,,,,,,,,,,,
,,,,,,,,,,,,,,,,,,,,,,,,,,,,,,,,,,,,,,,,,,,,,,
,,,,,,,,,,,,,,,,,,,,,,,,,,,,,,,,,,,,,,,,,,,,,,
,,,,,,,,,,,,,,,,,,,,,,,,,,,,,,,,,,,,,,,,,,,,,,
,,,,,,,,,,,,,,,,,,,,,,,,,,,,,,,,,,,,,,,,,,,,,,
,,,,,,,,,,,,,,,,,,,,,,,,,,,,,,,,,,,,,,,,,,,,,,
,,,,,,,,,,,,,,,,,,,,,,,,,,,,,,,,,,,,,,,,,,,,,,
,,,,,,,,,,,,,,,,,,,,,,,,,,,,,,,,,,,,,,,,,,,,,,
,,,,,,,,,,,,,,,,,,,,,,,,,,,,,,,,,,,,,,,,,,,,,,
,,,,,,,,,,,,,,,,,,,,,,,,,,,,,,,,,,,,,,,,,,,,,,
,,,,,,,,,,,,,,,,,,,,,,,,,,,,,,,,,,,,,,,,,,,,,,
,,,,,,,,,,,,,,,,,,,,,,,,,,,,,,,,,,,,,,,,,,,,,,
,,,,,,,,,,,,,,,,,,,,,,,,,,,,,,,,,,,,,,,,,,,,,,
,,,,,,,,,,,,,,,,,,,,,,,,,,,,,,,,,,,,,,,,,,,,,,
,,,,,,,,,,,,,,,,,,,,,,,,,,,,,,,,,,,,,,,,,,,,,,
,,,,,,,,,,,,,,,,,,,,,,,,,,,,,,,,,,,,,,,,,,,,,,
,,,,,,,,,,,,,,,,,,,,,,,,,,,,,,,,,,,,,,,,,,,,,,
,,,,,,,,,,,,,,,,,,,,,,,,,,,,,,,,,,,,,,,,,,,,,,
,,,,,,,,,,,,,,,,,,,,,,,,,,,,,,,,,,,,,,,,,,,,,,
,,,,,,,,,,,,,,,,,,,,,,,,,,,,,,,,,,,,,,,,,,,,,,
,,,,,,,,,,,,,,,,,,,,,,,,,,,,,,,,,,,,,,,,,,,,,,
,,,,,,,,,,,,,,,,,,,,,,,,,,,,,,,,,,,,,,,,,,,,,,
,,,,,,,,,,,,,,,,,,,,,,,,,,,,,,,,,,,,,,,,,,,,,,
,,,,,,,,,,,,,,,,,,,,,,,,,,,,,,,,,,,,,,,,,,,,,,
,,,,,,,,,,,,,,,,,,,,,,,,,,,,,,,,,,,,,,,,,,,,,,
,,,,,,,,,,,,,,,,,,,,,,,,,,,,,,,,,,,,,,,,,,,,,,
,,,,,,,,,,,,,,,,,,,,,,,,,,,,,,,,,,,,,,,,,,,,,,
,,,,,,,,,,,,,,,,,,,,,,,,,,,,,,,,,,,,,,,,,,,,,,
,,,,,,,,,,,,,,,,,,,,,,,,,,,,,,,,,,,,,,,,,,,,,,
,,,,,,,,,,,,,,,,,,,,,,,,,,,,,,,,,,,,,,,,,,,,,,
,,,,,,,,,,,,,,,,,,,,,,,,,,,,,,,,,,,,,,,,,,,,,,
,,,,,,,,,,,,,,,,,,,,,,,,,,,,,,,,,,,,,,,,,,,,,,
,,,,,,,,,,,,,,,,,,,,,,,,,,,,,,,,,,,,,,,,,,,,,,
,,,,,,,,,,,,,,,,,,,,,,,,,,,,,,,,,,,,,,,,,,,,,,
,,,,,,,,,,,,,,,,,,,,,,,,,,,,,,,,,,,,,,,,,,,,,,
,,,,,,,,,,,,,,,,,,,,,,,,,,,,,,,,,,,,,,,,,,,,,,
,,,,,,,,,,,,,,,,,,,,,,,,,,,,,,,,,,,,,,,,,,,,,,
,,,,,,,,,,,,,,,,,,,,,,,,,,,,,,,,,,,,,,,,,,,,,,
,,,,,,,,,,,,,,,,,,,,,,,,,,,,,,,,,,,,,,,,,,,,,,
,,,,,,,,,,,,,,,,,,,,,,,,,,,,,,,,,,,,,,,,,,,,,,
,,,,,,,,,,,,,,,,,,,,,,,,,,,,,,,,,,,,,,,,,,,,,,
,,,,,,,,,,,,,,,,,,,,,,,,,,,,,,,,,,,,,,,,,,,,,,
,,,,,,,,,,,,,,,,,,,,,,,,,,,,,,,,,,,,,,,,,,,,,,
,,,,,,,,,,,,,,,,,,,,,,,,,,,,,,,,,,,,,,,,,,,,,,
,,,,,,,,,,,,,,,,,,,,,,,,,,,,,,,,,,,,,,,,,,,,,,
,,,,,,,,,,,,,,,,,,,,,,,,,,,,,,,,,,,,,,,,,,,,,,
,,,,,,,,,,,,,,,,,,,,,,,,,,,,,,,,,,,,,,,,,,,,,,
,,,,,,,,,,,,,,,,,,,,,,,,,,,,,,,,,,,,,,,,,,,,,,
,,,,,,,,,,,,,,,,,,,,,,,,,,,,,,,,,,,,,,,,,,,,,,
,,,,,,,,,,,,,,,,,,,,,,,,,,,,,,,,,,,,,,,,,,,,,,
,,,,,,,,,,,,,,,,,,,,,,,,,,,,,,,,,,,,,,,,,,,,,,
,,,,,,,,,,,,,,,,,,,,,,,,,,,,,,,,,,,,,,,,,,,,,,
,,,,,,,,,,,,,,,,,,,,,,,,,,,,,,,,,,,,,,,,,,,,,,
,,,,,,,,,,,,,,,,,,,,,,,,,,,,,,,,,,,,,,,,,,,,,,
,,,,,,,,,,,,,,,,,,,,,,,,,,,,,,,,,,,,,,,,,,,,,,
,,,,,,,,,,,,,,,,,,,,,,,,,,,,,,,,,,,,,,,,,,,,,,
,,,,,,,,,,,,,,,,,,,,,,,,,,,,,,,,,,,,,,,,,,,,,,
,,,,,,,,,,,,,,,,,,,,,,,,,,,,,,,,,,,,,,,,,,,,,,
,,,,,,,,,,,,,,,,,,,,,,,,,,,,,,,,,,,,,,,,,,,,,,
,,,,,,,,,,,,,,,,,,,,,,,,,,,,,,,,,,,,,,,,,,,,,,
,,,,,,,,,,,,,,,,,,,,,,,,,,,,,,,,,,,,,,,,,,,,,,
,,,,,,,,,,,,,,,,,,,,,,,,,,,,,,,,,,,,,,,,,,,,,,
,,,,,,,,,,,,,,,,,,,,,,,,,,,,,,,,,,,,,,,,,,,,,,
,,,,,,,,,,,,,,,,,,,,,,,,,,,,,,,,,,,,,,,,,,,,,,
,,,,,,,,,,,,,,,,,,,,,,,,,,,,,,,,,,,,,,,,,,,,,,
,,,,,,,,,,,,,,,,,,,,,,,,,,,,,,,,,,,,,,,,,,,,,,
,,,,,,,,,,,,,,,,,,,,,,,,,,,,,,,,,,,,,,,,,,,,,,
,,,,,,,,,,,,,,,,,,,,,,,,,,,,,,,,,,,,,,,,,,,,,,
,,,,,,,,,,,,,,,,,,,,,,,,,,,,,,,,,,,,,,,,,,,,,,
,,,,,,,,,,,,,,,,,,,,,,,,,,,,,,,,,,,,,,,,,,,,,,
,,,,,,,,,,,,,,,,,,,,,,,,,,,,,,,,,,,,,,,,,,,,,,
,,,,,,,,,,,,,,,,,,,,,,,,,,,,,,,,,,,,,,,,,,,,,,
,,,,,,,,,,,,,,,,,,,,,,,,,,,,,,,,,,,,,,,,,,,,,,
,,,,,,,,,,,,,,,,,,,,,,,,,,,,,,,,,,,,,,,,,,,,,,
,,,,,,,,,,,,,,,,,,,,,,,,,,,,,,,,,,,,,,,,,,,,,,
,,,,,,,,,,,,,,,,,,,,,,,,,,,,,,,,,,,,,,,,,,,,,,
,,,,,,,,,,,,,,,,,,,,,,,,,,,,,,,,,,,,,,,,,,,,,,
,,,,,,,,,,,,,,,,,,,,,,,,,,,,,,,,,,,,,,,,,,,,,,
,,,,,,,,,,,,,,,,,,,,,,,,,,,,,,,,,,,,,,,,,,,,,,
,,,,,,,,,,,,,,,,,,,,,,,,,,,,,,,,,,,,,,,,,,,,,,
,,,,,,,,,,,,,,,,,,,,,,,,,,,,,,,,,,,,,,,,,,,,,,
,,,,,,,,,,,,,,,,,,,,,,,,,,,,,,,,,,,,,,,,,,,,,,
,,,,,,,,,,,,,,,,,,,,,,,,,,,,,,,,,,,,,,,,,,,,,,
,,,,,,,,,,,,,,,,,,,,,,,,,,,,,,,,,,,,,,,,,,,,,,
,,,,,,,,,,,,,,,,,,,,,,,,,,,,,,,,,,,,,,,,,,,,,,
,,,,,,,,,,,,,,,,,,,,,,,,,,,,,,,,,,,,,,,,,,,,,,
,,,,,,,,,,,,,,,,,,,,,,,,,,,,,,,,,,,,,,,,,,,,,,
,,,,,,,,,,,,,,,,,,,,,,,,,,,,,,,,,,,,,,,,,,,,,,
,,,,,,,,,,,,,,,,,,,,,,,,,,,,,,,,,,,,,,,,,,,,,,
,,,,,,,,,,,,,,,,,,,,,,,,,,,,,,,,,,,,,,,,,,,,,,
,,,,,,,,,,,,,,,,,,,,,,,,,,,,,,,,,,,,,,,,,,,,,,
,,,,,,,,,,,,,,,,,,,,,,,,,,,,,,,,,,,,,,,,,,,,,,
,,,,,,,,,,,,,,,,,,,,,,,,,,,,,,,,,,,,,,,,,,,,,,
,,,,,,,,,,,,,,,,,,,,,,,,,,,,,,,,,,,,,,,,,,,,,,
,,,,,,,,,,,,,,,,,,,,,,,,,,,,,,,,,,,,,,,,,,,,,,
,,,,,,,,,,,,,,,,,,,,,,,,,,,,,,,,,,,,,,,,,,,,,,
,,,,,,,,,,,,,,,,,,,,,,,,,,,,,,,,,,,,,,,,,,,,,,
,,,,,,,,,,,,,,,,,,,,,,,,,,,,,,,,,,,,,,,,,,,,,,
,,,,,,,,,,,,,,,,,,,,,,,,,,,,,,,,,,,,,,,,,,,,,,
,,,,,,,,,,,,,,,,,,,,,,,,,,,,,,,,,,,,,,,,,,,,,,
,,,,,,,,,,,,,,,,,,,,,,,,,,,,,,,,,,,,,,,,,,,,,,
,,,,,,,,,,,,,,,,,,,,,,,,,,,,,,,,,,,,,,,,,,,,,,
,,,,,,,,,,,,,,,,,,,,,,,,,,,,,,,,,,,,,,,,,,,,,,
,,,,,,,,,,,,,,,,,,,,,,,,,,,,,,,,,,,,,,,,,,,,,,
,,,,,,,,,,,,,,,,,,,,,,,,,,,,,,,,,,,,,,,,,,,,,,
,,,,,,,,,,,,,,,,,,,,,,,,,,,,,,,,,,,,,,,,,,,,,,
,,,,,,,,,,,,,,,,,,,,,,,,,,,,,,,,,,,,,,,,,,,,,,
,,,,,,,,,,,,,,,,,,,,,,,,,,,,,,,,,,,,,,,,,,,,,,
,,,,,,,,,,,,,,,,,,,,,,,,,,,,,,,,,,,,,,,,,,,,,,
,,,,,,,,,,,,,,,,,,,,,,,,,,,,,,,,,,,,,,,,,,,,,,
,,,,,,,,,,,,,,,,,,,,,,,,,,,,,,,,,,,,,,,,,,,,,,
,,,,,,,,,,,,,,,,,,,,,,,,,,,,,,,,,,,,,,,,,,,,,,
,,,,,,,,,,,,,,,,,,,,,,,,,,,,,,,,,,,,,,,,,,,,,,
,,,,,,,,,,,,,,,,,,,,,,,,,,,,,,,,,,,,,,,,,,,,,,
,,,,,,,,,,,,,,,,,,,,,,,,,,,,,,,,,,,,,,,,,,,,,,
,,,,,,,,,,,,,,,,,,,,,,,,,,,,,,,,,,,,,,,,,,,,,,
,,,,,,,,,,,,,,,,,,,,,,,,,,,,,,,,,,,,,,,,,,,,,,
,,,,,,,,,,,,,,,,,,,,,,,,,,,,,,,,,,,,,,,,,,,,,,
,,,,,,,,,,,,,,,,,,,,,,,,,,,,,,,,,,,,,,,,,,,,,,
,,,,,,,,,,,,,,,,,,,,,,,,,,,,,,,,,,,,,,,,,,,,,,
,,,,,,,,,,,,,,,,,,,,,,,,,,,,,,,,,,,,,,,,,,,,,,
,,,,,,,,,,,,,,,,,,,,,,,,,,,,,,,,,,,,,,,,,,,,,,
,,,,,,,,,,,,,,,,,,,,,,,,,,,,,,,,,,,,,,,,,,,,,,
,,,,,,,,,,,,,,,,,,,,,,,,,,,,,,,,,,,,,,,,,,,,,,
,,,,,,,,,,,,,,,,,,,,,,,,,,,,,,,,,,,,,,,,,,,,,,
,,,,,,,,,,,,,,,,,,,,,,,,,,,,,,,,,,,,,,,,,,,,,,
,,,,,,,,,,,,,,,,,,,,,,,,,,,,,,,,,,,,,,,,,,,,,,
,,,,,,,,,,,,,,,,,,,,,,,,,,,,,,,,,,,,,,,,,,,,,,
,,,,,,,,,,,,,,,,,,,,,,,,,,,,,,,,,,,,,,,,,,,,,,
,,,,,,,,,,,,,,,,,,,,,,,,,,,,,,,,,,,,,,,,,,,,,,
,,,,,,,,,,,,,,,,,,,,,,,,,,,,,,,,,,,,,,,,,,,,,,
,,,,,,,,,,,,,,,,,,,,,,,,,,,,,,,,,,,,,,,,,,,,,,
,,,,,,,,,,,,,,,,,,,,,,,,,,,,,,,,,,,,,,,,,,,,,,
,,,,,,,,,,,,,,,,,,,,,,,,,,,,,,,,,,,,,,,,,,,,,,
,,,,,,,,,,,,,,,,,,,,,,,,,,,,,,,,,,,,,,,,,,,,,,
,,,,,,,,,,,,,,,,,,,,,,,,,,,,,,,,,,,,,,,,,,,,,,
,,,,,,,,,,,,,,,,,,,,,,,,,,,,,,,,,,,,,,,,,,,,,,
,,,,,,,,,,,,,,,,,,,,,,,,,,,,,,,,,,,,,,,,,,,,,,
,,,,,,,,,,,,,,,,,,,,,,,,,,,,,,,,,,,,,,,,,,,,,,
,,,,,,,,,,,,,,,,,,,,,,,,,,,,,,,,,,,,,,,,,,,,,,
,,,,,,,,,,,,,,,,,,,,,,,,,,,,,,,,,,,,,,,,,,,,,,
,,,,,,,,,,,,,,,,,,,,,,,,,,,,,,,,,,,,,,,,,,,,,,
,,,,,,,,,,,,,,,,,,,,,,,,,,,,,,,,,,,,,,,,,,,,,,
,,,,,,,,,,,,,,,,,,,,,,,,,,,,,,,,,,,,,,,,,,,,,,
,,,,,,,,,,,,,,,,,,,,,,,,,,,,,,,,,,,,,,,,,,,,,,
,,,,,,,,,,,,,,,,,,,,,,,,,,,,,,,,,,,,,,,,,,,,,,
,,,,,,,,,,,,,,,,,,,,,,,,,,,,,,,,,,,,,,,,,,,,,,
,,,,,,,,,,,,,,,,,,,,,,,,,,,,,,,,,,,,,,,,,,,,,,
,,,,,,,,,,,,,,,,,,,,,,,,,,,,,,,,,,,,,,,,,,,,,,
,,,,,,,,,,,,,,,,,,,,,,,,,,,,,,,,,,,,,,,,,,,,,,
,,,,,,,,,,,,,,,,,,,,,,,,,,,,,,,,,,,,,,,,,,,,,,
,,,,,,,,,,,,,,,,,,,,,,,,,,,,,,,,,,,,,,,,,,,,,,
,,,,,,,,,,,,,,,,,,,,,,,,,,,,,,,,,,,,,,,,,,,,,,
,,,,,,,,,,,,,,,,,,,,,,,,,,,,,,,,,,,,,,,,,,,,,,
,,,,,,,,,,,,,,,,,,,,,,,,,,,,,,,,,,,,,,,,,,,,,,
,,,,,,,,,,,,,,,,,,,,,,,,,,,,,,,,,,,,,,,,,,,,,,
,,,,,,,,,,,,,,,,,,,,,,,,,,,,,,,,,,,,,,,,,,,,,,
,,,,,,,,,,,,,,,,,,,,,,,,,,,,,,,,,,,,,,,,,,,,,,
,,,,,,,,,,,,,,,,,,,,,,,,,,,,,,,,,,,,,,,,,,,,,,
,,,,,,,,,,,,,,,,,,,,,,,,,,,,,,,,,,,,,,,,,,,,,,
,,,,,,,,,,,,,,,,,,,,,,,,,,,,,,,,,,,,,,,,,,,,,,
,,,,,,,,,,,,,,,,,,,,,,,,,,,,,,,,,,,,,,,,,,,,,,
,,,,,,,,,,,,,,,,,,,,,,,,,,,,,,,,,,,,,,,,,,,,,,
,,,,,,,,,,,,,,,,,,,,,,,,,,,,,,,,,,,,,,,,,,,,,,
,,,,,,,,,,,,,,,,,,,,,,,,,,,,,,,,,,,,,,,,,,,,,,
,,,,,,,,,,,,,,,,,,,,,,,,,,,,,,,,,,,,,,,,,,,,,,
,,,,,,,,,,,,,,,,,,,,,,,,,,,,,,,,,,,,,,,,,,,,,,
,,,,,,,,,,,,,,,,,,,,,,,,,,,,,,,,,,,,,,,,,,,,,,
,,,,,,,,,,,,,,,,,,,,,,,,,,,,,,,,,,,,,,,,,,,,,,
,,,,,,,,,,,,,,,,,,,,,,,,,,,,,,,,,,,,,,,,,,,,,,
,,,,,,,,,,,,,,,,,,,,,,,,,,,,,,,,,,,,,,,,,,,,,,
,,,,,,,,,,,,,,,,,,,,,,,,,,,,,,,,,,,,,,,,,,,,,,
,,,,,,,,,,,,,,,,,,,,,,,,,,,,,,,,,,,,,,,,,,,,,,
,,,,,,,,,,,,,,,,,,,,,,,,,,,,,,,,,,,,,,,,,,,,,,
,,,,,,,,,,,,,,,,,,,,,,,,,,,,,,,,,,,,,,,,,,,,,,
,,,,,,,,,,,,,,,,,,,,,,,,,,,,,,,,,,,,,,,,,,,,,,
,,,,,,,,,,,,,,,,,,,,,,,,,,,,,,,,,,,,,,,,,,,,,,
,,,,,,,,,,,,,,,,,,,,,,,,,,,,,,,,,,,,,,,,,,,,,,
,,,,,,,,,,,,,,,,,,,,,,,,,,,,,,,,,,,,,,,,,,,,,,
,,,,,,,,,,,,,,,,,,,,,,,,,,,,,,,,,,,,,,,,,,,,,,
,,,,,,,,,,,,,,,,,,,,,,,,,,,,,,,,,,,,,,,,,,,,,,
,,,,,,,,,,,,,,,,,,,,,,,,,,,,,,,,,,,,,,,,,,,,,,
,,,,,,,,,,,,,,,,,,,,,,,,,,,,,,,,,,,,,,,,,,,,,,
,,,,,,,,,,,,,,,,,,,,,,,,,,,,,,,,,,,,,,,,,,,,,,
,,,,,,,,,,,,,,,,,,,,,,,,,,,,,,,,,,,,,,,,,,,,,,
,,,,,,,,,,,,,,,,,,,,,,,,,,,,,,,,,,,,,,,,,,,,,,
,,,,,,,,,,,,,,,,,,,,,,,,,,,,,,,,,,,,,,,,,,,,,,
,,,,,,,,,,,,,,,,,,,,,,,,,,,,,,,,,,,,,,,,,,,,,,
,,,,,,,,,,,,,,,,,,,,,,,,,,,,,,,,,,,,,,,,,,,,,,
,,,,,,,,,,,,,,,,,,,,,,,,,,,,,,,,,,,,,,,,,,,,,,
,,,,,,,,,,,,,,,,,,,,,,,,,,,,,,,,,,,,,,,,,,,,,,
,,,,,,,,,,,,,,,,,,,,,,,,,,,,,,,,,,,,,,,,,,,,,,
,,,,,,,,,,,,,,,,,,,,,,,,,,,,,,,,,,,,,,,,,,,,,,
,,,,,,,,,,,,,,,,,,,,,,,,,,,,,,,,,,,,,,,,,,,,,,
,,,,,,,,,,,,,,,,,,,,,,,,,,,,,,,,,,,,,,,,,,,,,,
,,,,,,,,,,,,,,,,,,,,,,,,,,,,,,,,,,,,,,,,,,,,,,
,,,,,,,,,,,,,,,,,,,,,,,,,,,,,,,,,,,,,,,,,,,,,,
,,,,,,,,,,,,,,,,,,,,,,,,,,,,,,,,,,,,,,,,,,,,,,
,,,,,,,,,,,,,,,,,,,,,,,,,,,,,,,,,,,,,,,,,,,,,,
,,,,,,,,,,,,,,,,,,,,,,,,,,,,,,,,,,,,,,,,,,,,,,
,,,,,,,,,,,,,,,,,,,,,,,,,,,,,,,,,,,,,,,,,,,,,,
,,,,,,,,,,,,,,,,,,,,,,,,,,,,,,,,,,,,,,,,,,,,,,
,,,,,,,,,,,,,,,,,,,,,,,,,,,,,,,,,,,,,,,,,,,,,,
,,,,,,,,,,,,,,,,,,,,,,,,,,,,,,,,,,,,,,,,,,,,,,
,,,,,,,,,,,,,,,,,,,,,,,,,,,,,,,,,,,,,,,,,,,,,,
,,,,,,,,,,,,,,,,,,,,,,,,,,,,,,,,,,,,,,,,,,,,,,
,,,,,,,,,,,,,,,,,,,,,,,,,,,,,,,,,,,,,,,,,,,,,,
,,,,,,,,,,,,,,,,,,,,,,,,,,,,,,,,,,,,,,,,,,,,,,
,,,,,,,,,,,,,,,,,,,,,,,,,,,,,,,,,,,,,,,,,,,,,,
,,,,,,,,,,,,,,,,,,,,,,,,,,,,,,,,,,,,,,,,,,,,,,
,,,,,,,,,,,,,,,,,,,,,,,,,,,,,,,,,,,,,,,,,,,,,,
,,,,,,,,,,,,,,,,,,,,,,,,,,,,,,,,,,,,,,,,,,,,,,
,,,,,,,,,,,,,,,,,,,,,,,,,,,,,,,,,,,,,,,,,,,,,,
,,,,,,,,,,,,,,,,,,,,,,,,,,,,,,,,,,,,,,,,,,,,,,
,,,,,,,,,,,,,,,,,,,,,,,,,,,,,,,,,,,,,,,,,,,,,,
,,,,,,,,,,,,,,,,,,,,,,,,,,,,,,,,,,,,,,,,,,,,,,
,,,,,,,,,,,,,,,,,,,,,,,,,,,,,,,,,,,,,,,,,,,,,,
,,,,,,,,,,,,,,,,,,,,,,,,,,,,,,,,,,,,,,,,,,,,,,
,,,,,,,,,,,,,,,,,,,,,,,,,,,,,,,,,,,,,,,,,,,,,,
,,,,,,,,,,,,,,,,,,,,,,,,,,,,,,,,,,,,,,,,,,,,,,
,,,,,,,,,,,,,,,,,,,,,,,,,,,,,,,,,,,,,,,,,,,,,,
,,,,,,,,,,,,,,,,,,,,,,,,,,,,,,,,,,,,,,,,,,,,,,
,,,,,,,,,,,,,,,,,,,,,,,,,,,,,,,,,,,,,,,,,,,,,,
,,,,,,,,,,,,,,,,,,,,,,,,,,,,,,,,,,,,,,,,,,,,,,
,,,,,,,,,,,,,,,,,,,,,,,,,,,,,,,,,,,,,,,,,,,,,,
,,,,,,,,,,,,,,,,,,,,,,,,,,,,,,,,,,,,,,,,,,,,,,
,,,,,,,,,,,,,,,,,,,,,,,,,,,,,,,,,,,,,,,,,,,,,,
,,,,,,,,,,,,,,,,,,,,,,,,,,,,,,,,,,,,,,,,,,,,,,
,,,,,,,,,,,,,,,,,,,,,,,,,,,,,,,,,,,,,,,,,,,,,,
,,,,,,,,,,,,,,,,,,,,,,,,,,,,,,,,,,,,,,,,,,,,,,
,,,,,,,,,,,,,,,,,,,,,,,,,,,,,,,,,,,,,,,,,,,,,,
,,,,,,,,,,,,,,,,,,,,,,,,,,,,,,,,,,,,,,,,,,,,,,
,,,,,,,,,,,,,,,,,,,,,,,,,,,,,,,,,,,,,,,,,,,,,,
,,,,,,,,,,,,,,,,,,,,,,,,,,,,,,,,,,,,,,,,,,,,,,
,,,,,,,,,,,,,,,,,,,,,,,,,,,,,,,,,,,,,,,,,,,,,,
,,,,,,,,,,,,,,,,,,,,,,,,,,,,,,,,,,,,,,,,,,,,,,
,,,,,,,,,,,,,,,,,,,,,,,,,,,,,,,,,,,,,,,,,,,,,,
,,,,,,,,,,,,,,,,,,,,,,,,,,,,,,,,,,,,,,,,,,,,,,
,,,,,,,,,,,,,,,,,,,,,,,,,,,,,,,,,,,,,,,,,,,,,,
,,,,,,,,,,,,,,,,,,,,,,,,,,,,,,,,,,,,,,,,,,,,,,
,,,,,,,,,,,,,,,,,,,,,,,,,,,,,,,,,,,,,,,,,,,,,,
,,,,,,,,,,,,,,,,,,,,,,,,,,,,,,,,,,,,,,,,,,,,,,
,,,,,,,,,,,,,,,,,,,,,,,,,,,,,,,,,,,,,,,,,,,,,,
,,,,,,,,,,,,,,,,,,,,,,,,,,,,,,,,,,,,,,,,,,,,,,
,,,,,,,,,,,,,,,,,,,,,,,,,,,,,,,,,,,,,,,,,,,,,,